timestamp,steam_flow_kgph,conditioner_temp_SP_C,conditioner_temp_PV_C
2025-10-01 00:00:00,1330.9,82.0,83.32
2025-10-01 00:05:00,1669.2,82.04,79.17
2025-10-01 00:10:00,1288.5,82.09,81.93
2025-10-01 00:15:00,1551.5,82.13,81.63
2025-10-01 00:20:00,1455.2,82.17,81.38
2025-10-01 00:25:00,1477.5,82.22,80.83
2025-10-01 00:30:00,1510.9,82.26,78.71
2025-10-01 00:35:00,1178.6,82.3,84.61
2025-10-01 00:40:00,1429.9,82.35,81.34
2025-10-01 00:45:00,1677.5,82.39,83.76
2025-10-01 00:50:00,1546.5,82.43,82.01
2025-10-01 00:55:00,1484.6,82.48,83.18
2025-10-01 01:00:00,1206.3,82.52,83.33
2025-10-01 01:05:00,1386.1,82.56,84.22
2025-10-01 01:10:00,1568.2,82.6,81.9
2025-10-01 01:15:00,1334.8,82.64,82.96
2025-10-01 01:20:00,1488.6,82.68,82.27
2025-10-01 01:25:00,1394.5,82.72,83.56
2025-10-01 01:30:00,1460.2,82.77,84.27
2025-10-01 01:35:00,1437.6,82.81,81.8
2025-10-01 01:40:00,1192.4,82.85,83.92
2025-10-01 01:45:00,1367.5,82.88,82.54
2025-10-01 01:50:00,1372.8,82.92,81.08
2025-10-01 01:55:00,1360.4,82.96,79.85
2025-10-01 02:00:00,1358.9,83.0,81.98
2025-10-01 02:05:00,1633.6,83.04,83.67
2025-10-01 02:10:00,1381.9,83.07,83.36
2025-10-01 02:15:00,1497.7,83.11,82.26
2025-10-01 02:20:00,1379.8,83.15,82.79
2025-10-01 02:25:00,1713.3,83.18,83.35
2025-10-01 02:30:00,1166.3,83.22,84.28
2025-10-01 02:35:00,1726.0,83.25,82.16
2025-10-01 02:40:00,1836.0,83.29,83.29
2025-10-01 02:45:00,1531.0,83.32,82.7
2025-10-01 02:50:00,1374.6,83.35,81.91
2025-10-01 02:55:00,1277.6,83.38,80.82
2025-10-01 03:00:00,1548.8,83.41,82.08
2025-10-01 03:05:00,1453.4,83.44,83.93
2025-10-01 03:10:00,1327.6,83.47,83.61
2025-10-01 03:15:00,1395.9,83.5,82.97
2025-10-01 03:20:00,1413.7,83.53,83.67
2025-10-01 03:25:00,1281.6,83.56,82.03
2025-10-01 03:30:00,1302.7,83.59,83.81
2025-10-01 03:35:00,1578.3,83.61,85.5
2025-10-01 03:40:00,1446.2,83.64,84.88
2025-10-01 03:45:00,1422.5,83.66,85.1
2025-10-01 03:50:00,1423.1,83.69,84.25
2025-10-01 03:55:00,1372.0,83.71,83.77
2025-10-01 04:00:00,1642.1,83.73,82.32
2025-10-01 04:05:00,1407.5,83.75,83.09
2025-10-01 04:10:00,1526.0,83.77,86.09
2025-10-01 04:15:00,1368.4,83.79,80.43
2025-10-01 04:20:00,1483.2,83.81,84.65
2025-10-01 04:25:00,1198.1,83.83,83.6
2025-10-01 04:30:00,1398.6,83.85,81.05
2025-10-01 04:35:00,1490.5,83.86,84.48
2025-10-01 04:40:00,1436.4,83.88,82.63
2025-10-01 04:45:00,1318.3,83.89,83.17
2025-10-01 04:50:00,1466.1,83.91,82.75
2025-10-01 04:55:00,1588.4,83.92,84.46
2025-10-01 05:00:00,1135.7,83.93,86.09
2025-10-01 05:05:00,1426.1,83.94,83.32
2025-10-01 05:10:00,1419.0,83.95,81.74
2025-10-01 05:15:00,1429.9,83.96,80.96
2025-10-01 05:20:00,1278.8,83.97,85.72
2025-10-01 05:25:00,1563.2,83.98,83.61
2025-10-01 05:30:00,1285.6,83.98,85.2
2025-10-01 05:35:00,1399.7,83.99,84.31
2025-10-01 05:40:00,1483.9,83.99,82.71
2025-10-01 05:45:00,1504.7,84.0,81.42
2025-10-01 05:50:00,1588.1,84.0,82.1
2025-10-01 05:55:00,1327.2,84.0,83.22
2025-10-01 06:00:00,2096.4,84.0,84.99
2025-10-01 06:05:00,2050.2,84.0,84.73
2025-10-01 06:10:00,2063.8,84.0,83.96
2025-10-01 06:15:00,1766.5,84.0,81.17
2025-10-01 06:20:00,1717.6,83.99,83.98
2025-10-01 06:25:00,1976.5,83.99,83.86
2025-10-01 06:30:00,2033.0,83.98,83.74
2025-10-01 06:35:00,1879.9,83.98,82.15
2025-10-01 06:40:00,1767.4,83.97,85.54
2025-10-01 06:45:00,2118.2,83.96,82.31
2025-10-01 06:50:00,1970.2,83.95,84.55
2025-10-01 06:55:00,2204.0,83.94,83.23
2025-10-01 07:00:00,2026.2,83.93,85.42
2025-10-01 07:05:00,1786.7,83.92,83.04
2025-10-01 07:10:00,1999.3,83.91,83.05
2025-10-01 07:15:00,2268.9,83.89,85.02
2025-10-01 07:20:00,2028.7,83.88,82.72
2025-10-01 07:25:00,2112.6,83.86,84.7
2025-10-01 07:30:00,1939.4,83.85,83.34
2025-10-01 07:35:00,1820.5,83.83,83.77
2025-10-01 07:40:00,2112.3,83.81,85.1
2025-10-01 07:45:00,2076.4,83.79,84.86
2025-10-01 07:50:00,1929.9,83.77,83.22
2025-10-01 07:55:00,2154.5,83.75,84.35
2025-10-01 08:00:00,1904.0,83.73,84.4
2025-10-01 08:05:00,2107.6,83.71,84.63
2025-10-01 08:10:00,2016.9,83.69,83.07
2025-10-01 08:15:00,2053.4,83.66,85.82
2025-10-01 08:20:00,2021.8,83.64,82.83
2025-10-01 08:25:00,2045.8,83.61,82.1
2025-10-01 08:30:00,2031.9,83.59,83.24
2025-10-01 08:35:00,2123.1,83.56,83.72
2025-10-01 08:40:00,2134.5,83.53,86.44
2025-10-01 08:45:00,1975.9,83.5,82.49
2025-10-01 08:50:00,2060.6,83.47,83.4
2025-10-01 08:55:00,2020.8,83.44,82.72
2025-10-01 09:00:00,2072.5,83.41,83.53
2025-10-01 09:05:00,1732.9,83.38,83.12
2025-10-01 09:10:00,2044.6,83.35,84.85
2025-10-01 09:15:00,1930.7,83.32,82.34
2025-10-01 09:20:00,2146.4,83.29,82.55
2025-10-01 09:25:00,2015.9,83.25,83.87
2025-10-01 09:30:00,2094.8,83.22,83.26
2025-10-01 09:35:00,1863.9,83.18,84.47
2025-10-01 09:40:00,1948.5,83.15,82.52
2025-10-01 09:45:00,2253.0,83.11,84.23
2025-10-01 09:50:00,1870.4,83.07,82.5
2025-10-01 09:55:00,1971.9,83.04,82.13
2025-10-01 10:00:00,1763.4,83.0,84.03
2025-10-01 10:05:00,2099.3,82.96,83.29
2025-10-01 10:10:00,1952.4,82.92,83.21
2025-10-01 10:15:00,2082.0,82.88,81.61
2025-10-01 10:20:00,1961.0,82.85,82.17
2025-10-01 10:25:00,2089.2,82.81,83.16
2025-10-01 10:30:00,1840.6,82.77,82.02
2025-10-01 10:35:00,2222.3,82.72,81.54
2025-10-01 10:40:00,2021.1,82.68,81.92
2025-10-01 10:45:00,2157.5,82.64,82.59
2025-10-01 10:50:00,1947.8,82.6,81.16
2025-10-01 10:55:00,1971.6,82.56,83.61
2025-10-01 11:00:00,2085.8,82.52,80.89
2025-10-01 11:05:00,2196.0,82.48,82.19
2025-10-01 11:10:00,1870.9,82.43,82.61
2025-10-01 11:15:00,1924.6,82.39,81.69
2025-10-01 11:20:00,1923.2,82.35,82.25
2025-10-01 11:25:00,1939.5,82.3,80.2
2025-10-01 11:30:00,2066.6,82.26,81.63
2025-10-01 11:35:00,2150.2,82.22,82.9
2025-10-01 11:40:00,2078.1,82.17,82.42
2025-10-01 11:45:00,2162.4,82.13,81.74
2025-10-01 11:50:00,1878.1,82.09,82.53
2025-10-01 11:55:00,1663.7,82.04,81.6
2025-10-01 12:00:00,2028.0,82.0,81.5
2025-10-01 12:05:00,2157.3,81.96,82.84
2025-10-01 12:10:00,2015.3,81.91,81.43
2025-10-01 12:15:00,2137.1,81.87,81.04
2025-10-01 12:20:00,1949.6,81.83,82.76
2025-10-01 12:25:00,2075.0,81.78,84.32
2025-10-01 12:30:00,1974.2,81.74,79.42
2025-10-01 12:35:00,2082.8,81.7,83.27
2025-10-01 12:40:00,1980.6,81.65,83.6
2025-10-01 12:45:00,2221.7,81.61,80.79
2025-10-01 12:50:00,1941.3,81.57,80.02
2025-10-01 12:55:00,2068.2,81.52,82.42
2025-10-01 13:00:00,2075.8,81.48,79.96
2025-10-01 13:05:00,1906.2,81.44,79.67
2025-10-01 13:10:00,1801.0,81.4,79.74
2025-10-01 13:15:00,1804.8,81.36,81.14
2025-10-01 13:20:00,2053.0,81.32,82.1
2025-10-01 13:25:00,1998.0,81.28,80.45
2025-10-01 13:30:00,1999.2,81.23,81.94
2025-10-01 13:35:00,1963.7,81.19,81.26
2025-10-01 13:40:00,1962.5,81.15,80.51
2025-10-01 13:45:00,2004.5,81.12,79.74
2025-10-01 13:50:00,2130.3,81.08,79.15
2025-10-01 13:55:00,2057.2,81.04,79.36
2025-10-01 14:00:00,2187.0,81.0,82.08
2025-10-01 14:05:00,1899.8,80.96,80.41
2025-10-01 14:10:00,1860.6,80.93,80.85
2025-10-01 14:15:00,2050.9,80.89,84.05
2025-10-01 14:20:00,1831.2,80.85,82.39
2025-10-01 14:25:00,1928.1,80.82,81.16
2025-10-01 14:30:00,2108.6,80.78,81.45
2025-10-01 14:35:00,2052.2,80.75,80.5
2025-10-01 14:40:00,1999.0,80.71,80.9
2025-10-01 14:45:00,2148.1,80.68,78.87
2025-10-01 14:50:00,1939.3,80.65,79.11
2025-10-01 14:55:00,1881.0,80.62,79.63
2025-10-01 15:00:00,2135.6,80.59,83.23
2025-10-01 15:05:00,2167.3,80.56,79.09
2025-10-01 15:10:00,2009.3,80.53,79.12
2025-10-01 15:15:00,2055.0,80.5,82.07
2025-10-01 15:20:00,2072.5,80.47,81.54
2025-10-01 15:25:00,1981.8,80.44,78.01
2025-10-01 15:30:00,1755.4,80.41,80.29
2025-10-01 15:35:00,2070.9,80.39,81.95
2025-10-01 15:40:00,1957.0,80.36,80.45
2025-10-01 15:45:00,2031.5,80.34,81.65
2025-10-01 15:50:00,1991.3,80.31,78.96
2025-10-01 15:55:00,2133.4,80.29,80.8
2025-10-01 16:00:00,2047.1,80.27,78.7
2025-10-01 16:05:00,1999.0,80.25,78.13
2025-10-01 16:10:00,1752.5,80.23,79.93
2025-10-01 16:15:00,1946.3,80.21,80.91
2025-10-01 16:20:00,2177.7,80.19,80.14
2025-10-01 16:25:00,2220.4,80.17,79.44
2025-10-01 16:30:00,2094.0,80.15,78.59
2025-10-01 16:35:00,2015.5,80.14,79.75
2025-10-01 16:40:00,1974.2,80.12,80.85
2025-10-01 16:45:00,1767.6,80.11,80.25
2025-10-01 16:50:00,1899.9,80.09,80.24
2025-10-01 16:55:00,2048.4,80.08,79.62
2025-10-01 17:00:00,1954.1,80.07,78.65
2025-10-01 17:05:00,2067.6,80.06,79.23
2025-10-01 17:10:00,2054.6,80.05,78.29
2025-10-01 17:15:00,2168.4,80.04,78.78
2025-10-01 17:20:00,2142.4,80.03,79.48
2025-10-01 17:25:00,2067.1,80.02,79.85
2025-10-01 17:30:00,2083.6,80.02,80.02
2025-10-01 17:35:00,2156.3,80.01,80.84
2025-10-01 17:40:00,2083.9,80.01,82.06
2025-10-01 17:45:00,1914.1,80.0,81.61
2025-10-01 17:50:00,2008.8,80.0,78.18
2025-10-01 17:55:00,2058.8,80.0,79.75
2025-10-01 18:00:00,2207.7,80.0,79.39
2025-10-01 18:05:00,2006.0,80.0,80.29
2025-10-01 18:10:00,1765.4,80.0,80.63
2025-10-01 18:15:00,1877.6,80.0,81.74
2025-10-01 18:20:00,2205.0,80.01,80.0
2025-10-01 18:25:00,1804.9,80.01,80.24
2025-10-01 18:30:00,2021.7,80.02,80.9
2025-10-01 18:35:00,1963.5,80.02,78.56
2025-10-01 18:40:00,1982.5,80.03,78.89
2025-10-01 18:45:00,2218.1,80.04,79.17
2025-10-01 18:50:00,1919.7,80.05,79.99
2025-10-01 18:55:00,1847.4,80.06,79.51
2025-10-01 19:00:00,1983.3,80.07,79.47
2025-10-01 19:05:00,1969.1,80.08,81.61
2025-10-01 19:10:00,2053.3,80.09,78.45
2025-10-01 19:15:00,1947.1,80.11,81.02
2025-10-01 19:20:00,1919.9,80.12,80.22
2025-10-01 19:25:00,1996.4,80.14,80.79
2025-10-01 19:30:00,1978.0,80.15,79.98
2025-10-01 19:35:00,1894.3,80.17,80.61
2025-10-01 19:40:00,1885.8,80.19,82.32
2025-10-01 19:45:00,1997.5,80.21,79.93
2025-10-01 19:50:00,2096.9,80.23,80.12
2025-10-01 19:55:00,2010.9,80.25,80.18
2025-10-01 20:00:00,1910.8,80.27,79.13
2025-10-01 20:05:00,1914.0,80.29,81.68
2025-10-01 20:10:00,1922.8,80.31,79.81
2025-10-01 20:15:00,1944.8,80.34,81.19
2025-10-01 20:20:00,2243.6,80.36,79.22
2025-10-01 20:25:00,2067.4,80.39,80.53
2025-10-01 20:30:00,1962.8,80.41,81.03
2025-10-01 20:35:00,1843.8,80.44,81.46
2025-10-01 20:40:00,2027.1,80.47,79.24
2025-10-01 20:45:00,2195.9,80.5,81.54
2025-10-01 20:50:00,2142.8,80.53,78.74
2025-10-01 20:55:00,1966.6,80.56,79.91
2025-10-01 21:00:00,2076.9,80.59,82.25
2025-10-01 21:05:00,1765.9,80.62,80.64
2025-10-01 21:10:00,1984.5,80.65,81.88
2025-10-01 21:15:00,1995.0,80.68,79.12
2025-10-01 21:20:00,1976.1,80.71,79.44
2025-10-01 21:25:00,1904.5,80.75,80.8
2025-10-01 21:30:00,1941.0,80.78,81.13
2025-10-01 21:35:00,1813.7,80.82,83.67
2025-10-01 21:40:00,2154.8,80.85,81.73
2025-10-01 21:45:00,1841.3,80.89,78.24
2025-10-01 21:50:00,1894.0,80.93,80.64
2025-10-01 21:55:00,2273.8,80.96,82.57
2025-10-01 22:00:00,1935.5,81.0,82.48
2025-10-01 22:05:00,1550.2,81.04,81.06
2025-10-01 22:10:00,1549.3,81.08,81.48
2025-10-01 22:15:00,1319.6,81.12,79.67
2025-10-01 22:20:00,1384.9,81.15,82.38
2025-10-01 22:25:00,1233.7,81.19,79.22
2025-10-01 22:30:00,1467.5,81.23,77.9
2025-10-01 22:35:00,1623.6,81.28,80.74
2025-10-01 22:40:00,1489.9,81.32,83.6
2025-10-01 22:45:00,1222.0,81.36,80.07
2025-10-01 22:50:00,1675.1,81.4,81.05
2025-10-01 22:55:00,1384.3,81.44,81.72
2025-10-01 23:00:00,1529.7,81.48,83.11
2025-10-01 23:05:00,1413.5,81.52,81.11
2025-10-01 23:10:00,1395.5,81.57,81.94
2025-10-01 23:15:00,1560.7,81.61,81.78
2025-10-01 23:20:00,1623.3,81.65,80.6
2025-10-01 23:25:00,1465.3,81.7,83.85
2025-10-01 23:30:00,1558.0,81.74,82.15
2025-10-01 23:35:00,1291.7,81.78,80.91
2025-10-01 23:40:00,1380.8,81.83,82.21
2025-10-01 23:45:00,1369.4,81.87,80.08
2025-10-01 23:50:00,1309.4,81.91,82.55
2025-10-01 23:55:00,1502.5,81.96,80.24
2025-10-02 00:00:00,1355.3,82.0,79.95
2025-10-02 00:05:00,1330.8,82.04,86.39
2025-10-02 00:10:00,1407.8,82.09,81.66
2025-10-02 00:15:00,1327.8,82.13,80.65
2025-10-02 00:20:00,1172.0,82.17,82.12
2025-10-02 00:25:00,1366.1,82.22,84.03
2025-10-02 00:30:00,1199.2,82.26,82.8
2025-10-02 00:35:00,1564.6,82.3,79.9
2025-10-02 00:40:00,1480.7,82.35,80.37
2025-10-02 00:45:00,1464.1,82.39,84.2
2025-10-02 00:50:00,1399.5,82.43,82.79
2025-10-02 00:55:00,1314.9,82.48,82.83
2025-10-02 01:00:00,1538.9,82.52,82.29
2025-10-02 01:05:00,1382.9,82.56,83.04
2025-10-02 01:10:00,1501.0,82.6,80.59
2025-10-02 01:15:00,1407.4,82.64,81.8
2025-10-02 01:20:00,1461.0,82.68,83.96
2025-10-02 01:25:00,1438.3,82.72,84.31
2025-10-02 01:30:00,1278.4,82.77,82.26
2025-10-02 01:35:00,1278.6,82.81,82.88
2025-10-02 01:40:00,1411.8,82.85,82.6
2025-10-02 01:45:00,1251.3,82.88,82.79
2025-10-02 01:50:00,1346.4,82.92,83.67
2025-10-02 01:55:00,1367.0,82.96,84.39
2025-10-02 02:00:00,1428.5,83.0,80.72
2025-10-02 02:05:00,1378.8,83.04,81.28
2025-10-02 02:10:00,1519.0,83.07,84.84
2025-10-02 02:15:00,1396.8,83.11,83.66
2025-10-02 02:20:00,1222.6,83.15,80.39
2025-10-02 02:25:00,1332.0,83.18,82.87
2025-10-02 02:30:00,1214.3,83.22,83.33
2025-10-02 02:35:00,1438.5,83.25,84.04
2025-10-02 02:40:00,1590.4,83.29,84.28
2025-10-02 02:45:00,1355.2,83.32,83.45
2025-10-02 02:50:00,1474.0,83.35,82.07
2025-10-02 02:55:00,1563.2,83.38,84.49
2025-10-02 03:00:00,1372.5,83.41,82.63
2025-10-02 03:05:00,1867.5,83.44,84.48
2025-10-02 03:10:00,1515.8,83.47,85.69
2025-10-02 03:15:00,1520.8,83.5,83.77
2025-10-02 03:20:00,1486.8,83.53,82.41
2025-10-02 03:25:00,1488.3,83.56,81.67
2025-10-02 03:30:00,1452.6,83.59,84.28
2025-10-02 03:35:00,1209.1,83.61,85.98
2025-10-02 03:40:00,1259.4,83.64,84.93
2025-10-02 03:45:00,1335.9,83.66,84.05
2025-10-02 03:50:00,1320.1,83.69,86.76
2025-10-02 03:55:00,1527.9,83.71,85.95
2025-10-02 04:00:00,1497.6,83.73,84.6
2025-10-02 04:05:00,1420.1,83.75,83.48
2025-10-02 04:10:00,1476.5,83.77,83.99
2025-10-02 04:15:00,1383.4,83.79,82.12
2025-10-02 04:20:00,1364.4,83.81,84.58
2025-10-02 04:25:00,1344.4,83.83,84.28
2025-10-02 04:30:00,1384.9,83.85,82.6
2025-10-02 04:35:00,1291.4,83.86,82.98
2025-10-02 04:40:00,1366.9,83.88,83.58
2025-10-02 04:45:00,1540.2,83.89,82.59
2025-10-02 04:50:00,1151.3,83.91,84.78
2025-10-02 04:55:00,1346.7,83.92,83.8
2025-10-02 05:00:00,1716.5,83.93,85.76
2025-10-02 05:05:00,1475.5,83.94,85.14
2025-10-02 05:10:00,1417.8,83.95,85.16
2025-10-02 05:15:00,1328.1,83.96,83.12
2025-10-02 05:20:00,1345.8,83.97,85.95
2025-10-02 05:25:00,1594.9,83.98,83.26
2025-10-02 05:30:00,1546.4,83.98,83.82
2025-10-02 05:35:00,1535.8,83.99,83.63
2025-10-02 05:40:00,1521.3,83.99,83.89
2025-10-02 05:45:00,1368.4,84.0,84.01
2025-10-02 05:50:00,1423.3,84.0,83.32
2025-10-02 05:55:00,1235.5,84.0,86.13
2025-10-02 06:00:00,1955.6,84.0,81.8
2025-10-02 06:05:00,1724.6,84.0,80.59
2025-10-02 06:10:00,1928.6,84.0,85.71
2025-10-02 06:15:00,1803.0,84.0,83.64
2025-10-02 06:20:00,1777.9,83.99,85.39
2025-10-02 06:25:00,2049.4,83.99,84.43
2025-10-02 06:30:00,2170.9,83.98,86.06
2025-10-02 06:35:00,2131.5,83.98,83.31
2025-10-02 06:40:00,1841.2,83.97,82.73
2025-10-02 06:45:00,1788.5,83.96,86.24
2025-10-02 06:50:00,1981.2,83.95,84.16
2025-10-02 06:55:00,2029.0,83.94,86.48
2025-10-02 07:00:00,1935.3,83.93,85.44
2025-10-02 07:05:00,2042.3,83.92,83.78
2025-10-02 07:10:00,1768.1,83.91,85.09
2025-10-02 07:15:00,1913.1,83.89,83.38
2025-10-02 07:20:00,2032.8,83.88,84.05
2025-10-02 07:25:00,2143.7,83.86,83.09
2025-10-02 07:30:00,2025.3,83.85,84.24
2025-10-02 07:35:00,2008.3,83.83,84.72
2025-10-02 07:40:00,1973.7,83.81,85.35
2025-10-02 07:45:00,1917.4,83.79,82.07
2025-10-02 07:50:00,2000.1,83.77,85.28
2025-10-02 07:55:00,1941.4,83.75,83.03
2025-10-02 08:00:00,1962.4,83.73,83.99
2025-10-02 08:05:00,1983.4,83.71,84.15
2025-10-02 08:10:00,1792.8,83.69,85.59
2025-10-02 08:15:00,2077.1,83.66,82.65
2025-10-02 08:20:00,2174.6,83.64,84.25
2025-10-02 08:25:00,2186.9,83.61,82.21
2025-10-02 08:30:00,2210.1,83.59,83.69
2025-10-02 08:35:00,1751.0,83.56,84.54
2025-10-02 08:40:00,1967.9,83.53,82.33
2025-10-02 08:45:00,1978.6,83.5,81.16
2025-10-02 08:50:00,2077.3,83.47,83.26
2025-10-02 08:55:00,1971.8,83.44,85.24
2025-10-02 09:00:00,2009.5,83.41,82.65
2025-10-02 09:05:00,1887.6,83.38,83.36
2025-10-02 09:10:00,2136.7,83.35,82.68
2025-10-02 09:15:00,1876.8,83.32,84.51
2025-10-02 09:20:00,2012.5,83.29,83.31
2025-10-02 09:25:00,2262.8,83.25,81.8
2025-10-02 09:30:00,2029.7,83.22,81.07
2025-10-02 09:35:00,1968.0,83.18,83.96
2025-10-02 09:40:00,2144.2,83.15,81.63
2025-10-02 09:45:00,2108.3,83.11,84.13
2025-10-02 09:50:00,1989.8,83.07,86.17
2025-10-02 09:55:00,2005.1,83.04,82.0
2025-10-02 10:00:00,2057.6,83.0,80.75
2025-10-02 10:05:00,2197.8,82.96,84.23
2025-10-02 10:10:00,1955.7,82.92,83.73
2025-10-02 10:15:00,2071.3,82.88,85.33
2025-10-02 10:20:00,1929.0,82.85,81.3
2025-10-02 10:25:00,1753.7,82.81,82.49
2025-10-02 10:30:00,1811.2,82.77,82.6
2025-10-02 10:35:00,2055.7,82.72,82.23
2025-10-02 10:40:00,1888.3,82.68,84.21
2025-10-02 10:45:00,1980.3,82.64,82.98
2025-10-02 10:50:00,2122.6,82.6,81.04
2025-10-02 10:55:00,1891.0,82.56,85.7
2025-10-02 11:00:00,1985.4,82.52,81.28
2025-10-02 11:05:00,1973.5,82.48,81.82
2025-10-02 11:10:00,1853.1,82.43,81.98
2025-10-02 11:15:00,2002.4,82.39,82.42
2025-10-02 11:20:00,2071.4,82.35,80.26
2025-10-02 11:25:00,1820.1,82.3,83.33
2025-10-02 11:30:00,1950.2,82.26,83.81
2025-10-02 11:35:00,2042.5,82.22,80.53
2025-10-02 11:40:00,2071.2,82.17,80.97
2025-10-02 11:45:00,2037.0,82.13,83.7
2025-10-02 11:50:00,2265.9,82.09,82.05
2025-10-02 11:55:00,2091.1,82.04,82.46
2025-10-02 12:00:00,2102.6,82.0,78.9
2025-10-02 12:05:00,1956.9,81.96,82.36
2025-10-02 12:10:00,2062.9,81.91,81.03
2025-10-02 12:15:00,2106.8,81.87,83.28
2025-10-02 12:20:00,2013.6,81.83,81.6
2025-10-02 12:25:00,1961.0,81.78,82.0
2025-10-02 12:30:00,2150.6,81.74,83.64
2025-10-02 12:35:00,1947.0,81.7,80.6
2025-10-02 12:40:00,1907.2,81.65,82.92
2025-10-02 12:45:00,2032.3,81.61,82.03
2025-10-02 12:50:00,2064.4,81.57,82.08
2025-10-02 12:55:00,1989.9,81.52,80.29
2025-10-02 13:00:00,1928.9,81.48,81.68
2025-10-02 13:05:00,2053.4,81.44,81.03
2025-10-02 13:10:00,1953.8,81.4,83.13
2025-10-02 13:15:00,1947.5,81.36,81.68
2025-10-02 13:20:00,1965.8,81.32,80.31
2025-10-02 13:25:00,1818.2,81.28,80.66
2025-10-02 13:30:00,1904.0,81.23,82.33
2025-10-02 13:35:00,1863.7,81.19,80.74
2025-10-02 13:40:00,2085.5,81.15,81.07
2025-10-02 13:45:00,2065.9,81.12,82.19
2025-10-02 13:50:00,1801.1,81.08,80.62
2025-10-02 13:55:00,1887.0,81.04,82.74
2025-10-02 14:00:00,1990.6,81.0,81.66
2025-10-02 14:05:00,2213.5,80.96,80.58
2025-10-02 14:10:00,2014.1,80.93,81.48
2025-10-02 14:15:00,1972.2,80.89,82.48
2025-10-02 14:20:00,2105.2,80.85,82.13
2025-10-02 14:25:00,2010.9,80.82,80.45
2025-10-02 14:30:00,1961.5,80.78,80.39
2025-10-02 14:35:00,1803.8,80.75,81.24
2025-10-02 14:40:00,2104.4,80.71,80.75
2025-10-02 14:45:00,1944.2,80.68,80.78
2025-10-02 14:50:00,2032.4,80.65,81.1
2025-10-02 14:55:00,2224.6,80.62,79.62
2025-10-02 15:00:00,2049.3,80.59,81.48
2025-10-02 15:05:00,2014.3,80.56,80.32
2025-10-02 15:10:00,1879.7,80.53,79.85
2025-10-02 15:15:00,2090.9,80.5,82.32
2025-10-02 15:20:00,1924.7,80.47,81.09
2025-10-02 15:25:00,2068.1,80.44,81.72
2025-10-02 15:30:00,2034.5,80.41,81.0
2025-10-02 15:35:00,2113.6,80.39,79.02
2025-10-02 15:40:00,2010.3,80.36,78.26
2025-10-02 15:45:00,1764.8,80.34,79.38
2025-10-02 15:50:00,1817.4,80.31,80.98
2025-10-02 15:55:00,2125.3,80.29,79.96
2025-10-02 16:00:00,1987.7,80.27,80.03
2025-10-02 16:05:00,1972.7,80.25,80.46
2025-10-02 16:10:00,2047.1,80.23,79.71
2025-10-02 16:15:00,1909.0,80.21,79.62
2025-10-02 16:20:00,2101.6,80.19,79.72
2025-10-02 16:25:00,2180.2,80.17,79.92
2025-10-02 16:30:00,2170.0,80.15,78.75
2025-10-02 16:35:00,1920.3,80.14,80.76
2025-10-02 16:40:00,2063.5,80.12,79.97
2025-10-02 16:45:00,2251.2,80.11,80.24
2025-10-02 16:50:00,2039.2,80.09,79.45
2025-10-02 16:55:00,2204.5,80.08,81.16
2025-10-02 17:00:00,2054.1,80.07,78.13
2025-10-02 17:05:00,2048.1,80.06,79.54
2025-10-02 17:10:00,2051.6,80.05,81.19
2025-10-02 17:15:00,1913.7,80.04,80.34
2025-10-02 17:20:00,2110.2,80.03,80.27
2025-10-02 17:25:00,1964.4,80.02,78.79
2025-10-02 17:30:00,1923.3,80.02,78.53
2025-10-02 17:35:00,2123.2,80.01,80.18
2025-10-02 17:40:00,1857.4,80.01,80.04
2025-10-02 17:45:00,1848.4,80.0,76.08
2025-10-02 17:50:00,2149.6,80.0,81.45
2025-10-02 17:55:00,1826.2,80.0,79.17
2025-10-02 18:00:00,2028.7,80.0,79.58
2025-10-02 18:05:00,1900.8,80.0,79.42
2025-10-02 18:10:00,1974.8,80.0,79.37
2025-10-02 18:15:00,2029.1,80.0,79.76
2025-10-02 18:20:00,1912.1,80.01,80.07
2025-10-02 18:25:00,1803.7,80.01,81.79
2025-10-02 18:30:00,1794.3,80.02,79.95
2025-10-02 18:35:00,2044.5,80.02,80.56
2025-10-02 18:40:00,2034.9,80.03,81.59
2025-10-02 18:45:00,1868.2,80.04,79.99
2025-10-02 18:50:00,2021.1,80.05,79.49
2025-10-02 18:55:00,1932.1,80.06,81.64
2025-10-02 19:00:00,1917.8,80.07,79.53
2025-10-02 19:05:00,1970.2,80.08,79.86
2025-10-02 19:10:00,2022.8,80.09,79.88
2025-10-02 19:15:00,2048.1,80.11,80.3
2025-10-02 19:20:00,2060.8,80.12,81.8
2025-10-02 19:25:00,1901.8,80.14,82.15
2025-10-02 19:30:00,1949.2,80.15,80.98
2025-10-02 19:35:00,2022.3,80.17,79.84
2025-10-02 19:40:00,1767.8,80.19,82.15
2025-10-02 19:45:00,1912.3,80.21,79.29
2025-10-02 19:50:00,2130.3,80.23,80.35
2025-10-02 19:55:00,2230.7,80.25,82.29
2025-10-02 20:00:00,2087.7,80.27,80.6
2025-10-02 20:05:00,2094.1,80.29,78.74
2025-10-02 20:10:00,2023.4,80.31,80.52
2025-10-02 20:15:00,1946.4,80.34,80.67
2025-10-02 20:20:00,1828.1,80.36,81.47
2025-10-02 20:25:00,2156.7,80.39,78.87
2025-10-02 20:30:00,2020.1,80.41,82.29
2025-10-02 20:35:00,2052.7,80.44,79.23
2025-10-02 20:40:00,1884.6,80.47,81.51
2025-10-02 20:45:00,2221.6,80.5,79.23
2025-10-02 20:50:00,2007.1,80.53,79.62
2025-10-02 20:55:00,1968.6,80.56,80.95
2025-10-02 21:00:00,1997.6,80.59,79.79
2025-10-02 21:05:00,2253.5,80.62,80.45
2025-10-02 21:10:00,1980.8,80.65,82.0
2025-10-02 21:15:00,2003.9,80.68,80.46
2025-10-02 21:20:00,2115.5,80.71,79.51
2025-10-02 21:25:00,2091.6,80.75,82.0
2025-10-02 21:30:00,2081.3,80.78,80.59
2025-10-02 21:35:00,2001.4,80.82,78.8
2025-10-02 21:40:00,1986.9,80.85,81.22
2025-10-02 21:45:00,2105.6,80.89,81.08
2025-10-02 21:50:00,1956.0,80.93,79.95
2025-10-02 21:55:00,1996.9,80.96,81.15
2025-10-02 22:00:00,2146.2,81.0,81.03
2025-10-02 22:05:00,1342.8,81.04,80.93
2025-10-02 22:10:00,1344.9,81.08,80.82
2025-10-02 22:15:00,1140.0,81.12,79.25
2025-10-02 22:20:00,1260.3,81.15,81.73
2025-10-02 22:25:00,1393.0,81.19,81.39
2025-10-02 22:30:00,1540.3,81.23,80.02
2025-10-02 22:35:00,1537.9,81.28,81.75
2025-10-02 22:40:00,1317.4,81.32,83.11
2025-10-02 22:45:00,1232.8,81.36,80.04
2025-10-02 22:50:00,1377.4,81.4,81.9
2025-10-02 22:55:00,1379.4,81.44,78.93
2025-10-02 23:00:00,1366.7,81.48,81.4
2025-10-02 23:05:00,1704.0,81.52,83.17
2025-10-02 23:10:00,1416.7,81.57,80.29
2025-10-02 23:15:00,1442.6,81.61,80.25
2025-10-02 23:20:00,1426.1,81.65,82.11
2025-10-02 23:25:00,1354.5,81.7,82.01
2025-10-02 23:30:00,1362.9,81.74,81.08
2025-10-02 23:35:00,1583.9,81.78,82.49
2025-10-02 23:40:00,1365.6,81.83,80.94
2025-10-02 23:45:00,1423.0,81.87,82.56
2025-10-02 23:50:00,1502.8,81.91,83.68
2025-10-02 23:55:00,1456.6,81.96,80.65
2025-10-03 00:00:00,1642.4,82.0,83.39
2025-10-03 00:05:00,1500.4,82.04,83.65
2025-10-03 00:10:00,1225.5,82.09,81.66
2025-10-03 00:15:00,1341.2,82.13,83.56
2025-10-03 00:20:00,1262.0,82.17,81.81
2025-10-03 00:25:00,1581.6,82.22,83.0
2025-10-03 00:30:00,1356.2,82.26,84.5
2025-10-03 00:35:00,1244.4,82.3,82.86
2025-10-03 00:40:00,1374.8,82.35,82.97
2025-10-03 00:45:00,1369.0,82.39,81.42
2025-10-03 00:50:00,1426.9,82.43,80.89
2025-10-03 00:55:00,1464.4,82.48,82.11
2025-10-03 01:00:00,1510.7,82.52,82.0
2025-10-03 01:05:00,1322.0,82.56,83.05
2025-10-03 01:10:00,1547.6,82.6,80.17
2025-10-03 01:15:00,1415.6,82.64,83.4
2025-10-03 01:20:00,1233.3,82.68,81.66
2025-10-03 01:25:00,1477.5,82.72,81.76
2025-10-03 01:30:00,1325.9,82.77,84.81
2025-10-03 01:35:00,1289.8,82.81,81.8
2025-10-03 01:40:00,1127.6,82.85,81.56
2025-10-03 01:45:00,1255.7,82.88,84.93
2025-10-03 01:50:00,1545.2,82.92,81.44
2025-10-03 01:55:00,1633.8,82.96,83.89
2025-10-03 02:00:00,1379.9,83.0,83.97
2025-10-03 02:05:00,1446.3,83.04,82.14
2025-10-03 02:10:00,1193.1,83.07,82.01
2025-10-03 02:15:00,1400.5,83.11,82.7
2025-10-03 02:20:00,1313.6,83.15,84.31
2025-10-03 02:25:00,1275.1,83.18,84.25
2025-10-03 02:30:00,1344.0,83.22,83.36
2025-10-03 02:35:00,1268.5,83.25,83.25
2025-10-03 02:40:00,1308.4,83.29,81.23
2025-10-03 02:45:00,1398.7,83.32,83.27
2025-10-03 02:50:00,1499.0,83.35,83.7
2025-10-03 02:55:00,1281.0,83.38,82.67
2025-10-03 03:00:00,1107.0,83.41,82.1
2025-10-03 03:05:00,1554.4,83.44,85.25
2025-10-03 03:10:00,1491.1,83.47,83.84
2025-10-03 03:15:00,1470.3,83.5,84.09
2025-10-03 03:20:00,1195.6,83.53,82.51
2025-10-03 03:25:00,1541.0,83.56,84.96
2025-10-03 03:30:00,1429.2,83.59,83.23
2025-10-03 03:35:00,1355.2,83.61,82.98
2025-10-03 03:40:00,1291.1,83.64,81.36
2025-10-03 03:45:00,1418.4,83.66,83.13
2025-10-03 03:50:00,1375.3,83.69,85.72
2025-10-03 03:55:00,1470.8,83.71,82.88
2025-10-03 04:00:00,1469.4,83.73,81.96
2025-10-03 04:05:00,1525.3,83.75,84.07
2025-10-03 04:10:00,1377.7,83.77,84.46
2025-10-03 04:15:00,1573.2,83.79,83.25
2025-10-03 04:20:00,1283.5,83.81,86.33
2025-10-03 04:25:00,1402.5,83.83,85.61
2025-10-03 04:30:00,1320.5,83.85,84.3
2025-10-03 04:35:00,1324.5,83.86,84.62
2025-10-03 04:40:00,1367.8,83.88,83.09
2025-10-03 04:45:00,1584.7,83.89,84.3
2025-10-03 04:50:00,1159.6,83.91,83.63
2025-10-03 04:55:00,1291.6,83.92,82.48
2025-10-03 05:00:00,1331.2,83.93,83.37
2025-10-03 05:05:00,1404.4,83.94,83.0
2025-10-03 05:10:00,1179.1,83.95,83.32
2025-10-03 05:15:00,1505.0,83.96,82.34
2025-10-03 05:20:00,1473.9,83.97,84.52
2025-10-03 05:25:00,1347.1,83.98,84.35
2025-10-03 05:30:00,1311.2,83.98,83.51
2025-10-03 05:35:00,1278.8,83.99,84.54
2025-10-03 05:40:00,1563.4,83.99,83.19
2025-10-03 05:45:00,1542.8,84.0,81.46
2025-10-03 05:50:00,1294.8,84.0,82.79
2025-10-03 05:55:00,1605.3,84.0,83.3
2025-10-03 06:00:00,2093.1,84.0,81.56
2025-10-03 06:05:00,2013.8,84.0,84.68
2025-10-03 06:10:00,1995.7,84.0,80.75
2025-10-03 06:15:00,2021.2,84.0,84.96
2025-10-03 06:20:00,2157.8,83.99,84.47
2025-10-03 06:25:00,1798.5,83.99,83.74
2025-10-03 06:30:00,2108.0,83.98,83.01
2025-10-03 06:35:00,2067.6,83.98,83.41
2025-10-03 06:40:00,2011.1,83.97,84.88
2025-10-03 06:45:00,1915.4,83.96,87.39
2025-10-03 06:50:00,2018.2,83.95,84.36
2025-10-03 06:55:00,1911.4,83.94,84.02
2025-10-03 07:00:00,1968.0,83.93,82.19
2025-10-03 07:05:00,1816.7,83.92,84.26
2025-10-03 07:10:00,1989.5,83.91,80.76
2025-10-03 07:15:00,1743.1,83.89,83.52
2025-10-03 07:20:00,1991.8,83.88,84.61
2025-10-03 07:25:00,1851.5,83.86,84.57
2025-10-03 07:30:00,1963.1,83.85,83.24
2025-10-03 07:35:00,1983.0,83.83,85.01
2025-10-03 07:40:00,2066.9,83.81,84.88
2025-10-03 07:45:00,1917.5,83.79,83.45
2025-10-03 07:50:00,1860.5,83.77,83.11
2025-10-03 07:55:00,1952.4,83.75,83.19
2025-10-03 08:00:00,2085.6,83.73,84.24
2025-10-03 08:05:00,2091.1,83.71,83.86
2025-10-03 08:10:00,2128.7,83.69,83.82
2025-10-03 08:15:00,2115.9,83.66,84.27
2025-10-03 08:20:00,2088.2,83.64,83.56
2025-10-03 08:25:00,1851.4,83.61,81.88
2025-10-03 08:30:00,2234.9,83.59,84.05
2025-10-03 08:35:00,2053.2,83.56,83.36
2025-10-03 08:40:00,1945.0,83.53,86.98
2025-10-03 08:45:00,1865.6,83.5,83.43
2025-10-03 08:50:00,1993.8,83.47,82.12
2025-10-03 08:55:00,1847.4,83.44,82.6
2025-10-03 09:00:00,1958.7,83.41,82.83
2025-10-03 09:05:00,2097.6,83.38,81.97
2025-10-03 09:10:00,2048.6,83.35,85.11
2025-10-03 09:15:00,2107.2,83.32,81.95
2025-10-03 09:20:00,1645.6,83.29,84.3
2025-10-03 09:25:00,2059.6,83.25,82.55
2025-10-03 09:30:00,2153.7,83.22,82.73
2025-10-03 09:35:00,2013.0,83.18,81.94
2025-10-03 09:40:00,2038.3,83.15,82.63
2025-10-03 09:45:00,1939.6,83.11,84.41
2025-10-03 09:50:00,2025.7,83.07,81.28
2025-10-03 09:55:00,2083.0,83.04,84.04
2025-10-03 10:00:00,1900.1,83.0,82.53
2025-10-03 10:05:00,2006.5,82.96,82.66
2025-10-03 10:10:00,2014.9,82.92,83.7
2025-10-03 10:15:00,1941.0,82.88,85.38
2025-10-03 10:20:00,1914.6,82.85,82.2
2025-10-03 10:25:00,2236.3,82.81,85.67
2025-10-03 10:30:00,2004.5,82.77,82.54
2025-10-03 10:35:00,1871.3,82.72,84.1
2025-10-03 10:40:00,2020.8,82.68,81.67
2025-10-03 10:45:00,2048.7,82.64,84.29
2025-10-03 10:50:00,2082.3,82.6,85.25
2025-10-03 10:55:00,2139.2,82.56,83.09
2025-10-03 11:00:00,1996.1,82.52,83.18
2025-10-03 11:05:00,2146.1,82.48,83.51
2025-10-03 11:10:00,2126.6,82.43,82.7
2025-10-03 11:15:00,2092.0,82.39,83.85
2025-10-03 11:20:00,1980.1,82.35,80.79
2025-10-03 11:25:00,2207.1,82.3,83.0
2025-10-03 11:30:00,1947.2,82.26,82.54
2025-10-03 11:35:00,1970.4,82.22,80.17
2025-10-03 11:40:00,1978.0,82.17,80.47
2025-10-03 11:45:00,2024.3,82.13,82.0
2025-10-03 11:50:00,2136.0,82.09,81.94
2025-10-03 11:55:00,2044.9,82.04,81.69
2025-10-03 12:00:00,1954.4,82.0,80.32
2025-10-03 12:05:00,2118.9,81.96,82.16
2025-10-03 12:10:00,1930.1,81.91,82.16
2025-10-03 12:15:00,1950.2,81.87,81.0
2025-10-03 12:20:00,2029.9,81.83,83.28
2025-10-03 12:25:00,1967.7,81.78,80.07
2025-10-03 12:30:00,1926.2,81.74,83.9
2025-10-03 12:35:00,1902.7,81.7,83.12
2025-10-03 12:40:00,1971.3,81.65,82.54
2025-10-03 12:45:00,1987.3,81.61,79.72
2025-10-03 12:50:00,1950.6,81.57,84.1
2025-10-03 12:55:00,1984.2,81.52,82.2
2025-10-03 13:00:00,1959.7,81.48,81.32
2025-10-03 13:05:00,2038.7,81.44,82.01
2025-10-03 13:10:00,2266.4,81.4,81.38
2025-10-03 13:15:00,1978.5,81.36,80.56
2025-10-03 13:20:00,1842.5,81.32,79.39
2025-10-03 13:25:00,2079.7,81.28,79.04
2025-10-03 13:30:00,2168.9,81.23,82.27
2025-10-03 13:35:00,1964.8,81.19,79.81
2025-10-03 13:40:00,2003.6,81.15,81.18
2025-10-03 13:45:00,2135.5,81.12,80.23
2025-10-03 13:50:00,1955.0,81.08,81.02
2025-10-03 13:55:00,1967.1,81.04,80.29
2025-10-03 14:00:00,1794.6,81.0,79.04
2025-10-03 14:05:00,1919.3,80.96,80.7
2025-10-03 14:10:00,2120.2,80.93,83.7
2025-10-03 14:15:00,2206.1,80.89,81.37
2025-10-03 14:20:00,2225.8,80.85,80.72
2025-10-03 14:25:00,1937.2,80.82,83.6
2025-10-03 14:30:00,1872.4,80.78,80.29
2025-10-03 14:35:00,1968.9,80.75,82.5
2025-10-03 14:40:00,1929.1,80.71,81.66
2025-10-03 14:45:00,1951.6,80.68,79.22
2025-10-03 14:50:00,2028.8,80.65,80.86
2025-10-03 14:55:00,1861.8,80.62,79.58
2025-10-03 15:00:00,1905.4,80.59,81.75
2025-10-03 15:05:00,2055.9,80.56,80.85
2025-10-03 15:10:00,2059.4,80.53,79.96
2025-10-03 15:15:00,2057.9,80.5,79.78
2025-10-03 15:20:00,1840.8,80.47,79.63
2025-10-03 15:25:00,2025.9,80.44,80.55
2025-10-03 15:30:00,2127.5,80.41,78.39
2025-10-03 15:35:00,1974.3,80.39,80.87
2025-10-03 15:40:00,1885.2,80.36,80.67
2025-10-03 15:45:00,1951.7,80.34,78.99
2025-10-03 15:50:00,2135.3,80.31,78.65
2025-10-03 15:55:00,2120.8,80.29,79.8
2025-10-03 16:00:00,1888.0,80.27,79.21
2025-10-03 16:05:00,1912.4,80.25,79.24
2025-10-03 16:10:00,2033.1,80.23,77.99
2025-10-03 16:15:00,2149.6,80.21,81.22
2025-10-03 16:20:00,2167.3,80.19,79.02
2025-10-03 16:25:00,1722.9,80.17,79.43
2025-10-03 16:30:00,1980.8,80.15,80.53
2025-10-03 16:35:00,1938.8,80.14,80.05
2025-10-03 16:40:00,2018.9,80.12,78.27
2025-10-03 16:45:00,2217.7,80.11,78.77
2025-10-03 16:50:00,2032.6,80.09,81.4
2025-10-03 16:55:00,1907.2,80.08,80.1
2025-10-03 17:00:00,2197.0,80.07,79.74
2025-10-03 17:05:00,2126.6,80.06,80.42
2025-10-03 17:10:00,2028.7,80.05,80.92
2025-10-03 17:15:00,1973.6,80.04,79.8
2025-10-03 17:20:00,2116.7,80.03,80.36
2025-10-03 17:25:00,2061.1,80.02,78.6
2025-10-03 17:30:00,2003.5,80.02,81.49
2025-10-03 17:35:00,2109.4,80.01,80.44
2025-10-03 17:40:00,1939.6,80.01,79.29
2025-10-03 17:45:00,2054.2,80.0,81.72
2025-10-03 17:50:00,2006.9,80.0,81.58
2025-10-03 17:55:00,1965.9,80.0,81.46
2025-10-03 18:00:00,1882.0,80.0,80.24
2025-10-03 18:05:00,1873.8,80.0,80.81
2025-10-03 18:10:00,2070.5,80.0,78.88
2025-10-03 18:15:00,1912.6,80.0,79.49
2025-10-03 18:20:00,1823.4,80.01,78.92
2025-10-03 18:25:00,1898.2,80.01,80.97
2025-10-03 18:30:00,2167.7,80.02,79.5
2025-10-03 18:35:00,1967.3,80.02,80.3
2025-10-03 18:40:00,1939.3,80.03,79.72
2025-10-03 18:45:00,2102.2,80.04,80.33
2025-10-03 18:50:00,1991.6,80.05,79.38
2025-10-03 18:55:00,2178.2,80.06,79.34
2025-10-03 19:00:00,2016.4,80.07,78.85
2025-10-03 19:05:00,1930.6,80.08,80.21
2025-10-03 19:10:00,1954.5,80.09,80.75
2025-10-03 19:15:00,2010.0,80.11,78.47
2025-10-03 19:20:00,1725.2,80.12,81.33
2025-10-03 19:25:00,1931.8,80.14,81.93
2025-10-03 19:30:00,2003.5,80.15,79.25
2025-10-03 19:35:00,2068.6,80.17,79.86
2025-10-03 19:40:00,2003.2,80.19,79.09
2025-10-03 19:45:00,2078.2,80.21,81.54
2025-10-03 19:50:00,1938.7,80.23,82.38
2025-10-03 19:55:00,1933.5,80.25,80.56
2025-10-03 20:00:00,1805.6,80.27,77.98
2025-10-03 20:05:00,2253.5,80.29,82.01
2025-10-03 20:10:00,2139.2,80.31,78.29
2025-10-03 20:15:00,2028.7,80.34,80.86
2025-10-03 20:20:00,2011.1,80.36,80.73
2025-10-03 20:25:00,1891.5,80.39,80.21
2025-10-03 20:30:00,1865.0,80.41,80.01
2025-10-03 20:35:00,2046.1,80.44,79.52
2025-10-03 20:40:00,1968.3,80.47,79.97
2025-10-03 20:45:00,2003.3,80.5,81.61
2025-10-03 20:50:00,2029.8,80.53,81.01
2025-10-03 20:55:00,1828.8,80.56,80.13
2025-10-03 21:00:00,2099.4,80.59,79.57
2025-10-03 21:05:00,1949.4,80.62,79.47
2025-10-03 21:10:00,2161.2,80.65,80.12
2025-10-03 21:15:00,1913.9,80.68,81.43
2025-10-03 21:20:00,2133.0,80.71,81.32
2025-10-03 21:25:00,2118.9,80.75,81.01
2025-10-03 21:30:00,1985.7,80.78,80.27
2025-10-03 21:35:00,1940.2,80.82,80.11
2025-10-03 21:40:00,2045.2,80.85,80.73
2025-10-03 21:45:00,2011.5,80.89,81.62
2025-10-03 21:50:00,1994.5,80.93,79.29
2025-10-03 21:55:00,1906.2,80.96,79.63
2025-10-03 22:00:00,1772.5,81.0,81.13
2025-10-03 22:05:00,1257.3,81.04,79.51
2025-10-03 22:10:00,1271.8,81.08,82.13
2025-10-03 22:15:00,1363.6,81.12,82.32
2025-10-03 22:20:00,1390.1,81.15,80.64
2025-10-03 22:25:00,1468.5,81.19,81.92
2025-10-03 22:30:00,1414.5,81.23,80.0
2025-10-03 22:35:00,1345.9,81.28,79.87
2025-10-03 22:40:00,1369.8,81.32,81.43
2025-10-03 22:45:00,1578.4,81.36,83.06
2025-10-03 22:50:00,1481.8,81.4,82.55
2025-10-03 22:55:00,1428.2,81.44,84.77
2025-10-03 23:00:00,1583.7,81.48,84.66
2025-10-03 23:05:00,1446.2,81.52,82.02
2025-10-03 23:10:00,1526.6,81.57,81.8
2025-10-03 23:15:00,1437.7,81.61,80.43
2025-10-03 23:20:00,1513.1,81.65,81.82
2025-10-03 23:25:00,1497.4,81.7,81.43
2025-10-03 23:30:00,1187.3,81.74,82.34
2025-10-03 23:35:00,1540.0,81.78,80.25
2025-10-03 23:40:00,1283.8,81.83,81.47
2025-10-03 23:45:00,1370.5,81.87,79.83
2025-10-03 23:50:00,1610.8,81.91,83.13
2025-10-03 23:55:00,1326.2,81.96,79.78
2025-10-04 00:00:00,1243.6,82.0,84.38
2025-10-04 00:05:00,1299.4,82.04,83.43
2025-10-04 00:10:00,1087.1,82.09,82.37
2025-10-04 00:15:00,1020.1,82.13,84.51
2025-10-04 00:20:00,1268.4,82.17,79.65
2025-10-04 00:25:00,978.3,82.22,82.79
2025-10-04 00:30:00,1216.5,82.26,81.89
2025-10-04 00:35:00,1273.9,82.3,84.71
2025-10-04 00:40:00,1243.9,82.35,80.18
2025-10-04 00:45:00,1180.9,82.39,80.82
2025-10-04 00:50:00,1103.4,82.43,82.82
2025-10-04 00:55:00,1179.3,82.48,81.19
2025-10-04 01:00:00,1196.4,82.52,81.53
2025-10-04 01:05:00,1263.0,82.56,82.26
2025-10-04 01:10:00,1246.2,82.6,82.27
2025-10-04 01:15:00,1289.0,82.64,82.47
2025-10-04 01:20:00,1197.6,82.68,82.0
2025-10-04 01:25:00,1216.1,82.72,80.59
2025-10-04 01:30:00,1518.9,82.77,81.94
2025-10-04 01:35:00,1210.7,82.81,82.22
2025-10-04 01:40:00,1140.3,82.85,83.32
2025-10-04 01:45:00,1137.4,82.88,82.36
2025-10-04 01:50:00,1033.3,82.92,81.8
2025-10-04 01:55:00,1058.3,82.96,85.11
2025-10-04 02:00:00,1038.4,83.0,81.7
2025-10-04 02:05:00,1221.6,83.04,84.74
2025-10-04 02:10:00,995.2,83.07,81.2
2025-10-04 02:15:00,1213.3,83.11,83.5
2025-10-04 02:20:00,1028.4,83.15,80.97
2025-10-04 02:25:00,1082.9,83.18,84.06
2025-10-04 02:30:00,1192.9,83.22,84.09
2025-10-04 02:35:00,1185.2,83.25,83.19
2025-10-04 02:40:00,1271.6,83.29,83.12
2025-10-04 02:45:00,1226.2,83.32,82.2
2025-10-04 02:50:00,1125.8,83.35,83.89
2025-10-04 02:55:00,1169.0,83.38,82.46
2025-10-04 03:00:00,1276.6,83.41,84.05
2025-10-04 03:05:00,1196.8,83.44,82.51
2025-10-04 03:10:00,1305.2,83.47,86.45
2025-10-04 03:15:00,1098.9,83.5,81.63
2025-10-04 03:20:00,1104.0,83.53,82.39
2025-10-04 03:25:00,1045.7,83.56,82.11
2025-10-04 03:30:00,1299.1,83.59,84.59
2025-10-04 03:35:00,1375.0,83.61,84.48
2025-10-04 03:40:00,1140.0,83.64,84.91
2025-10-04 03:45:00,1123.8,83.66,83.22
2025-10-04 03:50:00,1056.4,83.69,85.13
2025-10-04 03:55:00,1318.3,83.71,83.12
2025-10-04 04:00:00,1159.8,83.73,83.74
2025-10-04 04:05:00,1221.1,83.75,84.74
2025-10-04 04:10:00,1204.9,83.77,84.22
2025-10-04 04:15:00,1016.9,83.79,83.4
2025-10-04 04:20:00,981.7,83.81,85.92
2025-10-04 04:25:00,1364.1,83.83,84.66
2025-10-04 04:30:00,1330.0,83.85,86.22
2025-10-04 04:35:00,1309.3,83.86,81.92
2025-10-04 04:40:00,1171.8,83.88,81.02
2025-10-04 04:45:00,1098.8,83.89,82.37
2025-10-04 04:50:00,1195.4,83.91,84.34
2025-10-04 04:55:00,1085.0,83.92,83.54
2025-10-04 05:00:00,1229.8,83.93,83.71
2025-10-04 05:05:00,1174.7,83.94,81.02
2025-10-04 05:10:00,1143.1,83.95,84.86
2025-10-04 05:15:00,1227.0,83.96,82.14
2025-10-04 05:20:00,1163.2,83.97,84.25
2025-10-04 05:25:00,1079.0,83.98,84.74
2025-10-04 05:30:00,1099.6,83.98,83.54
2025-10-04 05:35:00,1182.7,83.99,86.62
2025-10-04 05:40:00,1157.2,83.99,83.26
2025-10-04 05:45:00,1281.6,84.0,83.39
2025-10-04 05:50:00,1218.8,84.0,81.25
2025-10-04 05:55:00,1231.4,84.0,83.93
2025-10-04 06:00:00,1040.8,84.0,85.58
2025-10-04 06:05:00,1167.0,84.0,83.72
2025-10-04 06:10:00,1037.9,84.0,82.0
2025-10-04 06:15:00,1127.4,84.0,82.12
2025-10-04 06:20:00,1254.4,83.99,84.99
2025-10-04 06:25:00,1119.3,83.99,82.01
2025-10-04 06:30:00,1148.2,83.98,82.66
2025-10-04 06:35:00,1215.4,83.98,84.15
2025-10-04 06:40:00,1144.2,83.97,84.01
2025-10-04 06:45:00,1320.2,83.96,85.96
2025-10-04 06:50:00,1132.7,83.95,84.77
2025-10-04 06:55:00,1166.7,83.94,82.63
2025-10-04 07:00:00,1349.0,83.93,84.35
2025-10-04 07:05:00,1212.0,83.92,84.3
2025-10-04 07:10:00,1175.6,83.91,82.6
2025-10-04 07:15:00,1408.2,83.89,84.92
2025-10-04 07:20:00,1226.7,83.88,84.99
2025-10-04 07:25:00,1349.3,83.86,83.57
2025-10-04 07:30:00,1265.5,83.85,83.41
2025-10-04 07:35:00,1272.4,83.83,83.48
2025-10-04 07:40:00,1487.1,83.81,83.33
2025-10-04 07:45:00,1256.9,83.79,84.3
2025-10-04 07:50:00,1154.9,83.77,84.85
2025-10-04 07:55:00,1185.0,83.75,83.21
2025-10-04 08:00:00,1195.2,83.73,82.78
2025-10-04 08:05:00,1338.6,83.71,84.41
2025-10-04 08:10:00,1312.8,83.69,82.02
2025-10-04 08:15:00,1227.5,83.66,82.69
2025-10-04 08:20:00,1205.4,83.64,85.12
2025-10-04 08:25:00,1225.8,83.61,83.35
2025-10-04 08:30:00,1329.4,83.59,84.75
2025-10-04 08:35:00,1416.8,83.56,81.28
2025-10-04 08:40:00,1234.3,83.53,82.98
2025-10-04 08:45:00,1090.1,83.5,83.59
2025-10-04 08:50:00,1055.5,83.47,80.74
2025-10-04 08:55:00,1086.7,83.44,83.08
2025-10-04 09:00:00,1419.0,83.41,82.5
2025-10-04 09:05:00,1054.8,83.38,80.96
2025-10-04 09:10:00,1152.8,83.35,83.01
2025-10-04 09:15:00,1212.8,83.32,81.53
2025-10-04 09:20:00,1103.6,83.29,80.52
2025-10-04 09:25:00,1215.2,83.25,81.32
2025-10-04 09:30:00,865.4,83.22,84.56
2025-10-04 09:35:00,1255.7,83.18,83.55
2025-10-04 09:40:00,1237.1,83.15,81.86
2025-10-04 09:45:00,1323.9,83.11,81.8
2025-10-04 09:50:00,1424.5,83.07,83.3
2025-10-04 09:55:00,973.8,83.04,84.03
2025-10-04 10:00:00,1431.9,83.0,82.65
2025-10-04 10:05:00,1323.1,82.96,82.66
2025-10-04 10:10:00,1119.8,82.92,79.78
2025-10-04 10:15:00,1343.5,82.88,82.3
2025-10-04 10:20:00,1240.8,82.85,81.44
2025-10-04 10:25:00,1086.2,82.81,84.1
2025-10-04 10:30:00,1148.9,82.77,82.24
2025-10-04 10:35:00,1044.0,82.72,82.93
2025-10-04 10:40:00,1288.8,82.68,82.08
2025-10-04 10:45:00,1172.8,82.64,81.13
2025-10-04 10:50:00,1363.8,82.6,81.81
2025-10-04 10:55:00,1176.8,82.56,84.54
2025-10-04 11:00:00,1168.3,82.52,80.61
2025-10-04 11:05:00,1084.2,82.48,82.0
2025-10-04 11:10:00,1410.0,82.43,82.66
2025-10-04 11:15:00,1168.7,82.39,83.35
2025-10-04 11:20:00,1352.8,82.35,81.39
2025-10-04 11:25:00,1368.5,82.3,83.3
2025-10-04 11:30:00,1250.1,82.26,79.37
2025-10-04 11:35:00,1219.7,82.22,83.86
2025-10-04 11:40:00,1163.2,82.17,84.92
2025-10-04 11:45:00,1205.2,82.13,80.87
2025-10-04 11:50:00,1267.9,82.09,82.41
2025-10-04 11:55:00,1297.0,82.04,81.74
2025-10-04 12:00:00,1353.8,82.0,81.3
2025-10-04 12:05:00,1212.6,81.96,80.42
2025-10-04 12:10:00,1100.1,81.91,82.13
2025-10-04 12:15:00,1117.4,81.87,81.29
2025-10-04 12:20:00,1171.9,81.83,82.1
2025-10-04 12:25:00,1289.6,81.78,82.68
2025-10-04 12:30:00,1320.8,81.74,81.96
2025-10-04 12:35:00,1131.1,81.7,79.75
2025-10-04 12:40:00,1155.0,81.65,80.66
2025-10-04 12:45:00,977.2,81.61,83.58
2025-10-04 12:50:00,974.3,81.57,81.97
2025-10-04 12:55:00,1264.5,81.52,81.21
2025-10-04 13:00:00,1510.9,81.48,81.48
2025-10-04 13:05:00,1104.3,81.44,83.55
2025-10-04 13:10:00,1100.2,81.4,79.63
2025-10-04 13:15:00,1075.3,81.36,80.55
2025-10-04 13:20:00,1202.8,81.32,81.7
2025-10-04 13:25:00,1012.5,81.28,81.67
2025-10-04 13:30:00,1468.6,81.23,80.34
2025-10-04 13:35:00,1181.3,81.19,82.01
2025-10-04 13:40:00,1343.8,81.15,80.32
2025-10-04 13:45:00,1080.3,81.12,79.86
2025-10-04 13:50:00,1330.7,81.08,82.14
2025-10-04 13:55:00,934.0,81.04,78.41
2025-10-04 14:00:00,1046.7,81.0,79.15
2025-10-04 14:05:00,1247.1,80.96,81.2
2025-10-04 14:10:00,1435.8,80.93,81.87
2025-10-04 14:15:00,1212.2,80.89,82.3
2025-10-04 14:20:00,1088.7,80.85,79.12
2025-10-04 14:25:00,1201.4,80.82,81.93
2025-10-04 14:30:00,1000.1,80.78,81.85
2025-10-04 14:35:00,1302.0,80.75,80.11
2025-10-04 14:40:00,1218.0,80.71,80.35
2025-10-04 14:45:00,1207.2,80.68,81.64
2025-10-04 14:50:00,1099.5,80.65,81.89
2025-10-04 14:55:00,1303.4,80.62,81.7
2025-10-04 15:00:00,957.3,80.59,78.29
2025-10-04 15:05:00,1281.7,80.56,79.81
2025-10-04 15:10:00,1113.2,80.53,79.57
2025-10-04 15:15:00,1033.7,80.5,80.12
2025-10-04 15:20:00,1109.3,80.47,79.64
2025-10-04 15:25:00,1255.7,80.44,78.97
2025-10-04 15:30:00,1334.4,80.41,77.68
2025-10-04 15:35:00,1503.0,80.39,78.7
2025-10-04 15:40:00,1268.4,80.36,81.45
2025-10-04 15:45:00,1196.8,80.34,81.22
2025-10-04 15:50:00,1184.1,80.31,78.14
2025-10-04 15:55:00,1239.3,80.29,81.66
2025-10-04 16:00:00,1129.9,80.27,78.17
2025-10-04 16:05:00,1123.7,80.25,80.62
2025-10-04 16:10:00,1234.1,80.23,81.55
2025-10-04 16:15:00,1265.4,80.21,80.8
2025-10-04 16:20:00,952.7,80.19,82.88
2025-10-04 16:25:00,1203.3,80.17,81.2
2025-10-04 16:30:00,1155.0,80.15,79.94
2025-10-04 16:35:00,1204.6,80.14,82.03
2025-10-04 16:40:00,1382.7,80.12,80.85
2025-10-04 16:45:00,1440.2,80.11,79.6
2025-10-04 16:50:00,1260.9,80.09,79.51
2025-10-04 16:55:00,1356.1,80.08,80.1
2025-10-04 17:00:00,1317.5,80.07,82.16
2025-10-04 17:05:00,944.3,80.06,82.69
2025-10-04 17:10:00,1237.0,80.05,79.64
2025-10-04 17:15:00,963.4,80.04,79.65
2025-10-04 17:20:00,916.4,80.03,80.12
2025-10-04 17:25:00,1177.4,80.02,82.24
2025-10-04 17:30:00,1158.2,80.02,81.32
2025-10-04 17:35:00,1341.3,80.01,82.53
2025-10-04 17:40:00,1168.0,80.01,80.93
2025-10-04 17:45:00,1012.1,80.0,78.63
2025-10-04 17:50:00,1165.0,80.0,79.96
2025-10-04 17:55:00,1049.5,80.0,79.48
2025-10-04 18:00:00,1284.8,80.0,79.43
2025-10-04 18:05:00,1179.8,80.0,78.9
2025-10-04 18:10:00,1368.7,80.0,82.18
2025-10-04 18:15:00,1224.1,80.0,79.85
2025-10-04 18:20:00,1403.7,80.01,80.59
2025-10-04 18:25:00,1116.7,80.01,78.34
2025-10-04 18:30:00,1126.7,80.02,82.71
2025-10-04 18:35:00,1126.2,80.02,83.57
2025-10-04 18:40:00,1199.0,80.03,79.76
2025-10-04 18:45:00,1362.1,80.04,79.73
2025-10-04 18:50:00,1245.9,80.05,78.76
2025-10-04 18:55:00,1046.2,80.06,79.14
2025-10-04 19:00:00,1226.8,80.07,79.24
2025-10-04 19:05:00,957.8,80.08,80.66
2025-10-04 19:10:00,1179.2,80.09,79.74
2025-10-04 19:15:00,1124.0,80.11,77.33
2025-10-04 19:20:00,1395.2,80.12,79.52
2025-10-04 19:25:00,1264.5,80.14,81.85
2025-10-04 19:30:00,1338.6,80.15,80.4
2025-10-04 19:35:00,1200.8,80.17,80.54
2025-10-04 19:40:00,1311.4,80.19,80.9
2025-10-04 19:45:00,1144.7,80.21,80.76
2025-10-04 19:50:00,1246.3,80.23,81.08
2025-10-04 19:55:00,1225.0,80.25,81.93
2025-10-04 20:00:00,1224.6,80.27,81.36
2025-10-04 20:05:00,1205.2,80.29,79.58
2025-10-04 20:10:00,1083.3,80.31,80.12
2025-10-04 20:15:00,1265.8,80.34,81.9
2025-10-04 20:20:00,1188.8,80.36,79.72
2025-10-04 20:25:00,1137.3,80.39,81.97
2025-10-04 20:30:00,1212.9,80.41,79.8
2025-10-04 20:35:00,1291.0,80.44,78.81
2025-10-04 20:40:00,1214.2,80.47,80.41
2025-10-04 20:45:00,1183.3,80.5,79.07
2025-10-04 20:50:00,1320.7,80.53,82.6
2025-10-04 20:55:00,1036.9,80.56,80.7
2025-10-04 21:00:00,1279.3,80.59,83.36
2025-10-04 21:05:00,1148.7,80.62,79.45
2025-10-04 21:10:00,1199.4,80.65,83.13
2025-10-04 21:15:00,1208.5,80.68,81.01
2025-10-04 21:20:00,1418.4,80.71,78.09
2025-10-04 21:25:00,933.3,80.75,81.86
2025-10-04 21:30:00,1295.3,80.78,79.08
2025-10-04 21:35:00,1263.7,80.82,80.87
2025-10-04 21:40:00,1226.7,80.85,79.86
2025-10-04 21:45:00,1144.2,80.89,79.81
2025-10-04 21:50:00,1206.3,80.93,80.64
2025-10-04 21:55:00,1407.0,80.96,81.73
2025-10-04 22:00:00,1006.3,81.0,81.51
2025-10-04 22:05:00,1376.2,81.04,81.38
2025-10-04 22:10:00,1333.6,81.08,81.03
2025-10-04 22:15:00,1286.7,81.12,79.96
2025-10-04 22:20:00,1296.8,81.15,79.46
2025-10-04 22:25:00,1359.0,81.19,79.33
2025-10-04 22:30:00,939.7,81.23,81.89
2025-10-04 22:35:00,1178.8,81.28,81.42
2025-10-04 22:40:00,1252.6,81.32,81.28
2025-10-04 22:45:00,1091.1,81.36,81.62
2025-10-04 22:50:00,1242.7,81.4,82.0
2025-10-04 22:55:00,1444.4,81.44,80.54
2025-10-04 23:00:00,1208.3,81.48,82.17
2025-10-04 23:05:00,1145.0,81.52,80.05
2025-10-04 23:10:00,1130.2,81.57,82.88
2025-10-04 23:15:00,1166.8,81.61,82.36
2025-10-04 23:20:00,1109.6,81.65,82.2
2025-10-04 23:25:00,1116.8,81.7,80.66
2025-10-04 23:30:00,1213.8,81.74,81.8
2025-10-04 23:35:00,1381.4,81.78,79.78
2025-10-04 23:40:00,1262.6,81.83,83.81
2025-10-04 23:45:00,1367.6,81.87,81.4
2025-10-04 23:50:00,1116.1,81.91,81.3
2025-10-04 23:55:00,1237.0,81.96,82.19
2025-10-05 00:00:00,1243.0,82.0,82.74
2025-10-05 00:05:00,1068.3,82.04,80.66
2025-10-05 00:10:00,1049.0,82.09,80.44
2025-10-05 00:15:00,1187.8,82.13,82.51
2025-10-05 00:20:00,1511.7,82.17,82.83
2025-10-05 00:25:00,1202.1,82.22,83.96
2025-10-05 00:30:00,1109.6,82.26,82.68
2025-10-05 00:35:00,1319.8,82.3,83.27
2025-10-05 00:40:00,1249.7,82.35,81.92
2025-10-05 00:45:00,1047.2,82.39,82.2
2025-10-05 00:50:00,1126.7,82.43,83.28
2025-10-05 00:55:00,1183.2,82.48,83.17
2025-10-05 01:00:00,1002.0,82.52,83.72
2025-10-05 01:05:00,1095.1,82.56,80.64
2025-10-05 01:10:00,1030.6,82.6,81.83
2025-10-05 01:15:00,1338.2,82.64,83.52
2025-10-05 01:20:00,1055.6,82.68,82.79
2025-10-05 01:25:00,1187.1,82.72,80.8
2025-10-05 01:30:00,1078.1,82.77,80.26
2025-10-05 01:35:00,1093.0,82.81,79.54
2025-10-05 01:40:00,1102.1,82.85,81.69
2025-10-05 01:45:00,1102.0,82.88,81.87
2025-10-05 01:50:00,1342.2,82.92,82.5
2025-10-05 01:55:00,1229.7,82.96,83.89
2025-10-05 02:00:00,1310.7,83.0,83.84
2025-10-05 02:05:00,1131.9,83.04,81.69
2025-10-05 02:10:00,1104.3,83.07,82.49
2025-10-05 02:15:00,1200.6,83.11,83.01
2025-10-05 02:20:00,1334.7,83.15,83.02
2025-10-05 02:25:00,1420.3,83.18,84.45
2025-10-05 02:30:00,1140.8,83.22,84.27
2025-10-05 02:35:00,846.8,83.25,84.94
2025-10-05 02:40:00,1250.5,83.29,83.77
2025-10-05 02:45:00,993.2,83.32,86.41
2025-10-05 02:50:00,1168.7,83.35,83.18
2025-10-05 02:55:00,1338.2,83.38,83.14
2025-10-05 03:00:00,1095.5,83.41,84.22
2025-10-05 03:05:00,1075.5,83.44,84.36
2025-10-05 03:10:00,1216.9,83.47,84.86
2025-10-05 03:15:00,1051.3,83.5,85.03
2025-10-05 03:20:00,1236.0,83.53,85.96
2025-10-05 03:25:00,1120.0,83.56,85.84
2025-10-05 03:30:00,1286.3,83.59,84.55
2025-10-05 03:35:00,1110.7,83.61,84.3
2025-10-05 03:40:00,1282.2,83.64,82.62
2025-10-05 03:45:00,1058.0,83.66,82.71
2025-10-05 03:50:00,1379.5,83.69,83.88
2025-10-05 03:55:00,1314.9,83.71,84.06
2025-10-05 04:00:00,1214.3,83.73,84.0
2025-10-05 04:05:00,1149.6,83.75,85.25
2025-10-05 04:10:00,1221.2,83.77,84.05
2025-10-05 04:15:00,1030.1,83.79,84.17
2025-10-05 04:20:00,1117.1,83.81,83.2
2025-10-05 04:25:00,1327.2,83.83,82.49
2025-10-05 04:30:00,1175.4,83.85,84.62
2025-10-05 04:35:00,1341.3,83.86,83.23
2025-10-05 04:40:00,1239.2,83.88,84.23
2025-10-05 04:45:00,1061.5,83.89,81.27
2025-10-05 04:50:00,963.5,83.91,84.64
2025-10-05 04:55:00,1212.5,83.92,82.28
2025-10-05 05:00:00,1121.4,83.93,83.44
2025-10-05 05:05:00,1156.0,83.94,83.9
2025-10-05 05:10:00,1470.6,83.95,82.99
2025-10-05 05:15:00,1217.5,83.96,83.02
2025-10-05 05:20:00,1122.8,83.97,82.89
2025-10-05 05:25:00,1171.6,83.98,83.3
2025-10-05 05:30:00,1242.7,83.98,84.24
2025-10-05 05:35:00,1090.4,83.99,86.34
2025-10-05 05:40:00,1056.5,83.99,84.43
2025-10-05 05:45:00,1465.8,84.0,83.12
2025-10-05 05:50:00,1362.5,84.0,85.74
2025-10-05 05:55:00,1241.4,84.0,81.73
2025-10-05 06:00:00,1374.0,84.0,84.11
2025-10-05 06:05:00,1132.8,84.0,85.56
2025-10-05 06:10:00,1111.0,84.0,85.3
2025-10-05 06:15:00,1132.7,84.0,84.65
2025-10-05 06:20:00,1067.9,83.99,83.51
2025-10-05 06:25:00,1087.6,83.99,83.11
2025-10-05 06:30:00,1222.8,83.98,83.77
2025-10-05 06:35:00,1223.0,83.98,85.55
2025-10-05 06:40:00,1185.8,83.97,81.69
2025-10-05 06:45:00,1164.6,83.96,84.06
2025-10-05 06:50:00,1324.7,83.95,85.22
2025-10-05 06:55:00,1316.4,83.94,83.66
2025-10-05 07:00:00,1279.0,83.93,82.16
2025-10-05 07:05:00,1358.3,83.92,84.46
2025-10-05 07:10:00,1262.1,83.91,83.44
2025-10-05 07:15:00,1206.7,83.89,83.07
2025-10-05 07:20:00,1269.3,83.88,82.25
2025-10-05 07:25:00,1319.0,83.86,84.53
2025-10-05 07:30:00,1448.1,83.85,83.8
2025-10-05 07:35:00,1188.5,83.83,84.07
2025-10-05 07:40:00,1204.4,83.81,83.68
2025-10-05 07:45:00,1064.8,83.79,82.44
2025-10-05 07:50:00,1130.5,83.77,83.42
2025-10-05 07:55:00,1054.5,83.75,82.33
2025-10-05 08:00:00,1165.1,83.73,84.64
2025-10-05 08:05:00,1176.5,83.71,84.54
2025-10-05 08:10:00,1319.1,83.69,84.63
2025-10-05 08:15:00,1148.3,83.66,83.17
2025-10-05 08:20:00,971.4,83.64,82.8
2025-10-05 08:25:00,1257.3,83.61,82.28
2025-10-05 08:30:00,1365.9,83.59,85.34
2025-10-05 08:35:00,1154.8,83.56,84.69
2025-10-05 08:40:00,1026.3,83.53,82.25
2025-10-05 08:45:00,1154.3,83.5,83.51
2025-10-05 08:50:00,1177.2,83.47,82.42
2025-10-05 08:55:00,1440.9,83.44,83.8
2025-10-05 09:00:00,1235.1,83.41,84.25
2025-10-05 09:05:00,1221.5,83.38,83.1
2025-10-05 09:10:00,1131.8,83.35,81.34
2025-10-05 09:15:00,1383.1,83.32,82.19
2025-10-05 09:20:00,996.2,83.29,82.3
2025-10-05 09:25:00,1003.7,83.25,85.7
2025-10-05 09:30:00,1244.7,83.22,84.94
2025-10-05 09:35:00,1378.2,83.18,83.88
2025-10-05 09:40:00,1270.2,83.15,82.26
2025-10-05 09:45:00,1189.7,83.11,82.37
2025-10-05 09:50:00,1205.2,83.07,82.22
2025-10-05 09:55:00,1355.2,83.04,83.97
2025-10-05 10:00:00,1187.0,83.0,80.95
2025-10-05 10:05:00,1283.9,82.96,84.05
2025-10-05 10:10:00,1191.6,82.92,81.38
2025-10-05 10:15:00,1253.0,82.88,84.17
2025-10-05 10:20:00,965.2,82.85,83.54
2025-10-05 10:25:00,977.7,82.81,82.9
2025-10-05 10:30:00,1413.9,82.77,82.88
2025-10-05 10:35:00,1258.8,82.72,82.33
2025-10-05 10:40:00,1199.2,82.68,85.56
2025-10-05 10:45:00,1363.3,82.64,82.26
2025-10-05 10:50:00,1153.4,82.6,82.62
2025-10-05 10:55:00,1468.5,82.56,82.82
2025-10-05 11:00:00,1336.1,82.52,82.07
2025-10-05 11:05:00,1044.3,82.48,84.1
2025-10-05 11:10:00,1190.7,82.43,81.47
2025-10-05 11:15:00,1115.3,82.39,81.57
2025-10-05 11:20:00,1125.8,82.35,80.46
2025-10-05 11:25:00,1346.9,82.3,82.77
2025-10-05 11:30:00,1319.2,82.26,81.84
2025-10-05 11:35:00,1242.4,82.22,82.42
2025-10-05 11:40:00,1343.5,82.17,83.17
2025-10-05 11:45:00,1243.8,82.13,81.34
2025-10-05 11:50:00,1053.2,82.09,81.11
2025-10-05 11:55:00,1122.6,82.04,81.39
2025-10-05 12:00:00,1049.0,82.0,84.03
2025-10-05 12:05:00,1232.9,81.96,79.49
2025-10-05 12:10:00,1066.7,81.91,80.28
2025-10-05 12:15:00,1229.1,81.87,83.17
2025-10-05 12:20:00,1079.6,81.83,82.58
2025-10-05 12:25:00,1166.3,81.78,83.18
2025-10-05 12:30:00,1366.6,81.74,82.12
2025-10-05 12:35:00,1287.6,81.7,81.69
2025-10-05 12:40:00,1154.5,81.65,80.24
2025-10-05 12:45:00,1239.9,81.61,81.52
2025-10-05 12:50:00,1153.2,81.57,81.47
2025-10-05 12:55:00,1177.4,81.52,80.26
2025-10-05 13:00:00,1135.7,81.48,82.87
2025-10-05 13:05:00,1171.6,81.44,83.14
2025-10-05 13:10:00,1059.6,81.4,79.75
2025-10-05 13:15:00,1215.5,81.36,82.3
2025-10-05 13:20:00,1120.1,81.32,82.08
2025-10-05 13:25:00,1313.6,81.28,82.58
2025-10-05 13:30:00,1186.5,81.23,81.17
2025-10-05 13:35:00,999.2,81.19,81.22
2025-10-05 13:40:00,1234.1,81.15,82.87
2025-10-05 13:45:00,1045.4,81.12,80.09
2025-10-05 13:50:00,1078.3,81.08,82.17
2025-10-05 13:55:00,892.6,81.04,79.72
2025-10-05 14:00:00,1450.4,81.0,81.8
2025-10-05 14:05:00,1038.6,80.96,80.89
2025-10-05 14:10:00,1302.8,80.93,81.59
2025-10-05 14:15:00,1173.1,80.89,79.93
2025-10-05 14:20:00,1301.0,80.85,80.85
2025-10-05 14:25:00,1298.3,80.82,81.3
2025-10-05 14:30:00,1143.4,80.78,82.53
2025-10-05 14:35:00,1139.5,80.75,81.27
2025-10-05 14:40:00,1123.3,80.71,80.44
2025-10-05 14:45:00,1169.7,80.68,79.88
2025-10-05 14:50:00,1228.8,80.65,82.24
2025-10-05 14:55:00,1425.4,80.62,82.36
2025-10-05 15:00:00,1179.1,80.59,82.35
2025-10-05 15:05:00,1250.8,80.56,82.73
2025-10-05 15:10:00,1047.4,80.53,82.32
2025-10-05 15:15:00,1127.5,80.5,81.9
2025-10-05 15:20:00,1143.6,80.47,81.57
2025-10-05 15:25:00,1165.9,80.44,78.16
2025-10-05 15:30:00,1082.8,80.41,80.12
2025-10-05 15:35:00,1202.9,80.39,77.68
2025-10-05 15:40:00,1055.0,80.36,79.48
2025-10-05 15:45:00,1174.4,80.34,80.6
2025-10-05 15:50:00,1100.7,80.31,78.48
2025-10-05 15:55:00,1236.6,80.29,79.89
2025-10-05 16:00:00,1307.4,80.27,79.63
2025-10-05 16:05:00,1278.0,80.25,79.17
2025-10-05 16:10:00,1232.4,80.23,80.34
2025-10-05 16:15:00,1254.4,80.21,79.08
2025-10-05 16:20:00,1185.3,80.19,79.16
2025-10-05 16:25:00,1180.6,80.17,80.92
2025-10-05 16:30:00,1560.8,80.15,80.19
2025-10-05 16:35:00,1286.4,80.14,80.27
2025-10-05 16:40:00,1337.1,80.12,80.68
2025-10-05 16:45:00,1326.3,80.11,80.54
2025-10-05 16:50:00,1490.0,80.09,81.76
2025-10-05 16:55:00,994.6,80.08,80.44
2025-10-05 17:00:00,1209.6,80.07,77.41
2025-10-05 17:05:00,1096.3,80.06,79.5
2025-10-05 17:10:00,1111.6,80.05,80.21
2025-10-05 17:15:00,983.8,80.04,80.94
2025-10-05 17:20:00,1293.8,80.03,80.46
2025-10-05 17:25:00,1160.6,80.02,80.03
2025-10-05 17:30:00,1144.4,80.02,81.4
2025-10-05 17:35:00,1261.5,80.01,82.42
2025-10-05 17:40:00,1156.2,80.01,81.76
2025-10-05 17:45:00,1131.1,80.0,79.8
2025-10-05 17:50:00,1074.8,80.0,80.64
2025-10-05 17:55:00,1193.5,80.0,80.76
2025-10-05 18:00:00,1380.3,80.0,79.94
2025-10-05 18:05:00,1246.5,80.0,81.09
2025-10-05 18:10:00,1193.6,80.0,79.35
2025-10-05 18:15:00,1243.8,80.0,80.62
2025-10-05 18:20:00,1294.7,80.01,81.02
2025-10-05 18:25:00,1120.2,80.01,80.56
2025-10-05 18:30:00,1349.0,80.02,79.47
2025-10-05 18:35:00,1244.5,80.02,79.29
2025-10-05 18:40:00,1220.9,80.03,82.13
2025-10-05 18:45:00,1221.7,80.04,78.88
2025-10-05 18:50:00,1242.4,80.05,80.32
2025-10-05 18:55:00,1335.2,80.06,78.41
2025-10-05 19:00:00,1090.6,80.07,79.98
2025-10-05 19:05:00,1013.9,80.08,81.46
2025-10-05 19:10:00,957.2,80.09,79.1
2025-10-05 19:15:00,1023.1,80.11,79.33
2025-10-05 19:20:00,1297.3,80.12,80.85
2025-10-05 19:25:00,1312.4,80.14,80.87
2025-10-05 19:30:00,956.3,80.15,80.52
2025-10-05 19:35:00,978.8,80.17,79.57
2025-10-05 19:40:00,1153.7,80.19,79.54
2025-10-05 19:45:00,1260.1,80.21,79.24
2025-10-05 19:50:00,1409.3,80.23,80.95
2025-10-05 19:55:00,1343.0,80.25,81.17
2025-10-05 20:00:00,1308.4,80.27,80.23
2025-10-05 20:05:00,1437.2,80.29,79.03
2025-10-05 20:10:00,1256.5,80.31,80.33
2025-10-05 20:15:00,1174.1,80.34,80.73
2025-10-05 20:20:00,1110.8,80.36,81.42
2025-10-05 20:25:00,1295.4,80.39,80.51
2025-10-05 20:30:00,1289.7,80.41,79.17
2025-10-05 20:35:00,983.5,80.44,79.75
2025-10-05 20:40:00,1172.5,80.47,83.48
2025-10-05 20:45:00,1173.6,80.5,81.75
2025-10-05 20:50:00,1302.7,80.53,83.07
2025-10-05 20:55:00,1215.1,80.56,81.35
2025-10-05 21:00:00,1177.8,80.59,79.56
2025-10-05 21:05:00,1080.3,80.62,79.69
2025-10-05 21:10:00,1372.8,80.65,81.0
2025-10-05 21:15:00,1182.6,80.68,80.71
2025-10-05 21:20:00,1133.3,80.71,80.68
2025-10-05 21:25:00,1196.2,80.75,81.54
2025-10-05 21:30:00,1310.6,80.78,78.83
2025-10-05 21:35:00,1229.0,80.82,82.48
2025-10-05 21:40:00,1078.4,80.85,80.56
2025-10-05 21:45:00,1221.4,80.89,82.22
2025-10-05 21:50:00,1272.8,80.93,80.67
2025-10-05 21:55:00,1261.3,80.96,82.22
2025-10-05 22:00:00,1248.1,81.0,83.25
2025-10-05 22:05:00,1252.0,81.04,79.79
2025-10-05 22:10:00,1107.0,81.08,80.93
2025-10-05 22:15:00,1176.4,81.12,81.87
2025-10-05 22:20:00,1243.8,81.15,83.23
2025-10-05 22:25:00,1298.8,81.19,82.99
2025-10-05 22:30:00,1109.7,81.23,80.74
2025-10-05 22:35:00,1283.7,81.28,81.4
2025-10-05 22:40:00,1276.9,81.32,81.63
2025-10-05 22:45:00,1127.0,81.36,83.42
2025-10-05 22:50:00,1338.8,81.4,79.55
2025-10-05 22:55:00,1127.6,81.44,81.49
2025-10-05 23:00:00,1283.4,81.48,81.41
2025-10-05 23:05:00,1038.3,81.52,82.54
2025-10-05 23:10:00,1177.0,81.57,83.03
2025-10-05 23:15:00,1238.3,81.61,82.83
2025-10-05 23:20:00,1302.3,81.65,82.73
2025-10-05 23:25:00,1141.1,81.7,82.95
2025-10-05 23:30:00,1226.7,81.74,80.26
2025-10-05 23:35:00,1154.9,81.78,81.4
2025-10-05 23:40:00,1258.6,81.83,82.67
2025-10-05 23:45:00,1068.7,81.87,82.76
2025-10-05 23:50:00,1194.7,81.91,80.67
2025-10-05 23:55:00,1302.5,81.96,81.07
2025-10-06 00:00:00,1259.6,82.0,82.93
2025-10-06 00:05:00,1510.5,82.04,81.28
2025-10-06 00:10:00,1529.4,82.09,83.32
2025-10-06 00:15:00,1340.7,82.13,84.55
2025-10-06 00:20:00,1395.9,82.17,82.47
2025-10-06 00:25:00,1117.1,82.22,83.01
2025-10-06 00:30:00,1328.8,82.26,82.82
2025-10-06 00:35:00,1198.2,82.3,83.72
2025-10-06 00:40:00,1577.6,82.35,84.64
2025-10-06 00:45:00,1049.5,82.39,83.13
2025-10-06 00:50:00,1444.7,82.43,78.85
2025-10-06 00:55:00,1315.8,82.48,82.41
2025-10-06 01:00:00,1574.1,82.52,81.56
2025-10-06 01:05:00,1428.5,82.56,82.53
2025-10-06 01:10:00,1447.8,82.6,82.17
2025-10-06 01:15:00,1511.1,82.64,83.85
2025-10-06 01:20:00,1241.2,82.68,84.07
2025-10-06 01:25:00,1314.9,82.72,82.44
2025-10-06 01:30:00,1539.3,82.77,82.93
2025-10-06 01:35:00,1473.6,82.81,83.8
2025-10-06 01:40:00,1476.6,82.85,82.25
2025-10-06 01:45:00,1291.1,82.88,83.75
2025-10-06 01:50:00,1496.0,82.92,83.4
2025-10-06 01:55:00,1382.7,82.96,84.04
2025-10-06 02:00:00,1402.3,83.0,81.42
2025-10-06 02:05:00,1439.3,83.04,83.7
2025-10-06 02:10:00,1498.4,83.07,82.06
2025-10-06 02:15:00,1316.0,83.11,83.57
2025-10-06 02:20:00,1352.6,83.15,83.13
2025-10-06 02:25:00,1518.6,83.18,83.72
2025-10-06 02:30:00,1624.9,83.22,83.63
2025-10-06 02:35:00,1611.4,83.25,84.59
2025-10-06 02:40:00,1711.7,83.29,83.38
2025-10-06 02:45:00,1397.4,83.32,84.96
2025-10-06 02:50:00,1346.4,83.35,82.88
2025-10-06 02:55:00,1437.9,83.38,83.92
2025-10-06 03:00:00,1241.1,83.41,83.81
2025-10-06 03:05:00,1372.0,83.44,83.5
2025-10-06 03:10:00,1430.4,83.47,83.34
2025-10-06 03:15:00,1537.7,83.5,84.18
2025-10-06 03:20:00,1387.6,83.53,83.72
2025-10-06 03:25:00,1534.4,83.56,84.6
2025-10-06 03:30:00,1561.8,83.59,83.53
2025-10-06 03:35:00,1427.3,83.61,86.12
2025-10-06 03:40:00,1406.7,83.64,85.76
2025-10-06 03:45:00,1512.1,83.66,83.27
2025-10-06 03:50:00,1244.8,83.69,84.56
2025-10-06 03:55:00,1327.7,83.71,82.98
2025-10-06 04:00:00,1205.6,83.73,85.27
2025-10-06 04:05:00,1424.3,83.75,83.9
2025-10-06 04:10:00,1459.2,83.77,84.19
2025-10-06 04:15:00,1423.6,83.79,84.53
2025-10-06 04:20:00,1379.5,83.81,80.86
2025-10-06 04:25:00,1500.4,83.83,84.46
2025-10-06 04:30:00,1415.2,83.85,85.87
2025-10-06 04:35:00,1246.2,83.86,80.54
2025-10-06 04:40:00,1589.9,83.88,84.5
2025-10-06 04:45:00,1216.7,83.89,83.53
2025-10-06 04:50:00,1486.3,83.91,82.59
2025-10-06 04:55:00,1478.7,83.92,86.57
2025-10-06 05:00:00,1578.2,83.93,84.02
2025-10-06 05:05:00,1451.0,83.94,82.94
2025-10-06 05:10:00,1428.3,83.95,83.68
2025-10-06 05:15:00,1294.1,83.96,82.49
2025-10-06 05:20:00,1642.6,83.97,84.2
2025-10-06 05:25:00,1290.7,83.98,83.6
2025-10-06 05:30:00,1589.7,83.98,86.04
2025-10-06 05:35:00,1339.3,83.99,84.35
2025-10-06 05:40:00,1518.6,83.99,83.7
2025-10-06 05:45:00,1272.4,84.0,82.96
2025-10-06 05:50:00,1413.7,84.0,83.2
2025-10-06 05:55:00,1258.1,84.0,83.84
2025-10-06 06:00:00,2123.4,84.0,84.94
2025-10-06 06:05:00,1985.1,84.0,86.4
2025-10-06 06:10:00,1918.7,84.0,84.03
2025-10-06 06:15:00,1849.6,84.0,85.04
2025-10-06 06:20:00,1997.3,83.99,82.11
2025-10-06 06:25:00,1913.5,83.99,86.25
2025-10-06 06:30:00,2098.1,83.98,84.24
2025-10-06 06:35:00,2115.0,83.98,82.19
2025-10-06 06:40:00,1913.4,83.97,82.51
2025-10-06 06:45:00,1913.3,83.96,83.62
2025-10-06 06:50:00,2074.9,83.95,85.27
2025-10-06 06:55:00,2128.3,83.94,87.26
2025-10-06 07:00:00,1952.9,83.93,84.03
2025-10-06 07:05:00,2072.2,83.92,83.05
2025-10-06 07:10:00,1977.3,83.91,84.51
2025-10-06 07:15:00,1906.3,83.89,84.57
2025-10-06 07:20:00,2157.3,83.88,82.66
2025-10-06 07:25:00,1739.2,83.86,84.08
2025-10-06 07:30:00,1887.2,83.85,84.17
2025-10-06 07:35:00,1957.6,83.83,84.3
2025-10-06 07:40:00,2145.8,83.81,84.9
2025-10-06 07:45:00,1968.2,83.79,82.51
2025-10-06 07:50:00,1714.8,83.77,81.29
2025-10-06 07:55:00,1915.6,83.75,83.97
2025-10-06 08:00:00,1929.4,83.73,83.12
2025-10-06 08:05:00,1819.0,83.71,81.83
2025-10-06 08:10:00,1803.2,83.69,84.51
2025-10-06 08:15:00,1772.0,83.66,84.54
2025-10-06 08:20:00,1899.5,83.64,84.34
2025-10-06 08:25:00,2034.8,83.61,84.57
2025-10-06 08:30:00,2147.1,83.59,82.7
2025-10-06 08:35:00,1889.0,83.56,83.08
2025-10-06 08:40:00,1911.8,83.53,84.35
2025-10-06 08:45:00,1989.6,83.5,83.54
2025-10-06 08:50:00,2052.2,83.47,82.93
2025-10-06 08:55:00,2133.0,83.44,81.27
2025-10-06 09:00:00,2029.6,83.41,84.03
2025-10-06 09:05:00,1909.9,83.38,82.57
2025-10-06 09:10:00,2108.9,83.35,82.98
2025-10-06 09:15:00,1771.7,83.32,81.72
2025-10-06 09:20:00,2120.9,83.29,82.24
2025-10-06 09:25:00,2156.9,83.25,84.89
2025-10-06 09:30:00,1976.4,83.22,83.87
2025-10-06 09:35:00,1901.6,83.18,82.7
2025-10-06 09:40:00,1916.7,83.15,83.85
2025-10-06 09:45:00,1846.9,83.11,82.95
2025-10-06 09:50:00,2005.8,83.07,83.69
2025-10-06 09:55:00,1746.4,83.04,80.9
2025-10-06 10:00:00,1894.5,83.0,82.73
2025-10-06 10:05:00,2016.0,82.96,83.18
2025-10-06 10:10:00,2240.0,82.92,83.7
2025-10-06 10:15:00,2069.2,82.88,82.29
2025-10-06 10:20:00,2092.4,82.85,83.66
2025-10-06 10:25:00,2078.9,82.81,82.66
2025-10-06 10:30:00,2073.2,82.77,84.57
2025-10-06 10:35:00,1903.7,82.72,80.14
2025-10-06 10:40:00,2096.4,82.68,83.54
2025-10-06 10:45:00,1971.0,82.64,82.1
2025-10-06 10:50:00,2327.2,82.6,82.03
2025-10-06 10:55:00,1853.1,82.56,81.97
2025-10-06 11:00:00,2058.2,82.52,81.77
2025-10-06 11:05:00,1951.9,82.48,82.82
2025-10-06 11:10:00,1947.1,82.43,82.57
2025-10-06 11:15:00,1993.1,82.39,81.1
2025-10-06 11:20:00,2006.7,82.35,80.94
2025-10-06 11:25:00,2109.2,82.3,81.17
2025-10-06 11:30:00,1969.6,82.26,80.07
2025-10-06 11:35:00,1944.7,82.22,80.71
2025-10-06 11:40:00,2175.7,82.17,82.01
2025-10-06 11:45:00,2060.0,82.13,80.02
2025-10-06 11:50:00,1850.1,82.09,81.86
2025-10-06 11:55:00,1836.0,82.04,83.38
2025-10-06 12:00:00,1949.6,82.0,82.15
2025-10-06 12:05:00,2033.5,81.96,81.75
2025-10-06 12:10:00,2089.5,81.91,81.09
2025-10-06 12:15:00,2040.8,81.87,83.27
2025-10-06 12:20:00,2022.6,81.83,81.95
2025-10-06 12:25:00,1957.7,81.78,81.82
2025-10-06 12:30:00,2077.3,81.74,81.42
2025-10-06 12:35:00,1797.6,81.7,81.86
2025-10-06 12:40:00,1979.3,81.65,82.18
2025-10-06 12:45:00,2001.8,81.61,83.45
2025-10-06 12:50:00,1854.5,81.57,80.39
2025-10-06 12:55:00,2074.3,81.52,80.28
2025-10-06 13:00:00,2035.5,81.48,81.43
2025-10-06 13:05:00,1764.5,81.44,82.2
2025-10-06 13:10:00,2158.9,81.4,81.61
2025-10-06 13:15:00,1831.3,81.36,82.26
2025-10-06 13:20:00,1873.7,81.32,81.14
2025-10-06 13:25:00,2045.5,81.28,80.32
2025-10-06 13:30:00,1796.8,81.23,81.03
2025-10-06 13:35:00,1991.5,81.19,80.15
2025-10-06 13:40:00,1904.5,81.15,81.99
2025-10-06 13:45:00,1985.8,81.12,80.53
2025-10-06 13:50:00,1926.2,81.08,81.24
2025-10-06 13:55:00,2007.3,81.04,80.8
2025-10-06 14:00:00,1832.8,81.0,80.53
2025-10-06 14:05:00,1922.4,80.96,81.0
2025-10-06 14:10:00,2131.8,80.93,82.0
2025-10-06 14:15:00,2071.4,80.89,80.98
2025-10-06 14:20:00,1958.1,80.85,81.21
2025-10-06 14:25:00,1940.2,80.82,80.38
2025-10-06 14:30:00,1897.4,80.78,80.68
2025-10-06 14:35:00,1986.9,80.75,82.86
2025-10-06 14:40:00,2060.6,80.71,80.23
2025-10-06 14:45:00,2086.5,80.68,80.09
2025-10-06 14:50:00,2114.0,80.65,81.52
2025-10-06 14:55:00,2334.0,80.62,79.31
2025-10-06 15:00:00,1987.3,80.59,80.41
2025-10-06 15:05:00,2030.5,80.56,81.34
2025-10-06 15:10:00,1882.2,80.53,79.64
2025-10-06 15:15:00,2031.1,80.5,81.58
2025-10-06 15:20:00,1865.2,80.47,78.62
2025-10-06 15:25:00,2129.0,80.44,81.38
2025-10-06 15:30:00,2122.3,80.41,79.24
2025-10-06 15:35:00,1972.6,80.39,80.61
2025-10-06 15:40:00,2047.1,80.36,80.18
2025-10-06 15:45:00,1990.1,80.34,81.47
2025-10-06 15:50:00,1945.5,80.31,79.64
2025-10-06 15:55:00,1946.0,80.29,79.66
2025-10-06 16:00:00,2011.1,80.27,79.98
2025-10-06 16:05:00,1945.1,80.25,81.85
2025-10-06 16:10:00,2030.8,80.23,79.79
2025-10-06 16:15:00,2142.0,80.21,79.53
2025-10-06 16:20:00,1995.7,80.19,80.04
2025-10-06 16:25:00,1929.6,80.17,79.69
2025-10-06 16:30:00,2005.6,80.15,78.46
2025-10-06 16:35:00,1951.0,80.14,80.38
2025-10-06 16:40:00,2027.7,80.12,80.42
2025-10-06 16:45:00,2265.4,80.11,80.83
2025-10-06 16:50:00,1979.4,80.09,79.91
2025-10-06 16:55:00,1995.6,80.08,80.54
2025-10-06 17:00:00,1961.8,80.07,81.76
2025-10-06 17:05:00,1869.1,80.06,80.74
2025-10-06 17:10:00,2053.5,80.05,78.69
2025-10-06 17:15:00,2067.8,80.04,80.63
2025-10-06 17:20:00,1922.5,80.03,82.64
2025-10-06 17:25:00,2077.1,80.02,79.6
2025-10-06 17:30:00,1941.0,80.02,79.12
2025-10-06 17:35:00,2025.3,80.01,80.04
2025-10-06 17:40:00,1834.3,80.01,78.78
2025-10-06 17:45:00,1914.0,80.0,79.5
2025-10-06 17:50:00,1954.3,80.0,79.2
2025-10-06 17:55:00,2068.8,80.0,81.04
2025-10-06 18:00:00,2004.1,80.0,77.45
2025-10-06 18:05:00,1977.7,80.0,80.6
2025-10-06 18:10:00,1986.3,80.0,80.27
2025-10-06 18:15:00,2007.2,80.0,78.26
2025-10-06 18:20:00,1706.8,80.01,80.67
2025-10-06 18:25:00,1935.9,80.01,80.44
2025-10-06 18:30:00,1960.7,80.02,79.78
2025-10-06 18:35:00,2151.6,80.02,78.61
2025-10-06 18:40:00,1994.2,80.03,78.74
2025-10-06 18:45:00,2003.5,80.04,80.53
2025-10-06 18:50:00,2069.6,80.05,80.17
2025-10-06 18:55:00,1838.0,80.06,80.29
2025-10-06 19:00:00,2097.1,80.07,81.16
2025-10-06 19:05:00,2239.4,80.08,80.67
2025-10-06 19:10:00,1879.3,80.09,79.45
2025-10-06 19:15:00,2005.1,80.11,81.25
2025-10-06 19:20:00,1865.2,80.12,81.12
2025-10-06 19:25:00,2069.6,80.14,79.1
2025-10-06 19:30:00,2064.6,80.15,79.24
2025-10-06 19:35:00,1994.9,80.17,79.78
2025-10-06 19:40:00,2022.3,80.19,78.8
2025-10-06 19:45:00,2055.3,80.21,77.69
2025-10-06 19:50:00,1949.1,80.23,79.54
2025-10-06 19:55:00,2174.9,80.25,80.81
2025-10-06 20:00:00,1939.9,80.27,79.2
2025-10-06 20:05:00,1999.3,80.29,79.53
2025-10-06 20:10:00,2249.9,80.31,77.11
2025-10-06 20:15:00,2002.8,80.34,77.49
2025-10-06 20:20:00,2113.6,80.36,79.4
2025-10-06 20:25:00,2178.1,80.39,79.72
2025-10-06 20:30:00,2118.7,80.41,80.6
2025-10-06 20:35:00,2130.1,80.44,80.42
2025-10-06 20:40:00,1656.8,80.47,79.6
2025-10-06 20:45:00,1818.0,80.5,81.53
2025-10-06 20:50:00,2056.7,80.53,80.49
2025-10-06 20:55:00,2047.2,80.56,80.73
2025-10-06 21:00:00,1930.4,80.59,82.77
2025-10-06 21:05:00,2022.7,80.62,80.35
2025-10-06 21:10:00,1828.4,80.65,79.9
2025-10-06 21:15:00,1996.8,80.68,80.43
2025-10-06 21:20:00,1941.2,80.71,80.61
2025-10-06 21:25:00,1867.5,80.75,80.71
2025-10-06 21:30:00,1819.2,80.78,79.76
2025-10-06 21:35:00,1911.3,80.82,81.76
2025-10-06 21:40:00,2051.2,80.85,80.89
2025-10-06 21:45:00,1864.4,80.89,80.39
2025-10-06 21:50:00,2086.7,80.93,82.31
2025-10-06 21:55:00,1827.5,80.96,80.43
2025-10-06 22:00:00,2007.8,81.0,81.35
2025-10-06 22:05:00,1396.6,81.04,81.76
2025-10-06 22:10:00,1230.8,81.08,82.81
2025-10-06 22:15:00,1265.2,81.12,81.14
2025-10-06 22:20:00,1455.4,81.15,82.44
2025-10-06 22:25:00,1499.1,81.19,82.15
2025-10-06 22:30:00,1541.8,81.23,81.02
2025-10-06 22:35:00,1481.8,81.28,83.0
2025-10-06 22:40:00,1309.8,81.32,79.68
2025-10-06 22:45:00,1281.7,81.36,82.94
2025-10-06 22:50:00,1538.4,81.4,80.96
2025-10-06 22:55:00,1424.6,81.44,81.95
2025-10-06 23:00:00,1516.7,81.48,79.3
2025-10-06 23:05:00,1333.0,81.52,81.2
2025-10-06 23:10:00,1433.4,81.57,81.62
2025-10-06 23:15:00,1360.8,81.61,81.91
2025-10-06 23:20:00,1103.1,81.65,85.14
2025-10-06 23:25:00,1491.4,81.7,82.68
2025-10-06 23:30:00,1322.1,81.74,82.19
2025-10-06 23:35:00,1632.7,81.78,83.84
2025-10-06 23:40:00,1406.2,81.83,80.38
2025-10-06 23:45:00,1416.2,81.87,81.5
2025-10-06 23:50:00,1495.3,81.91,80.42
2025-10-06 23:55:00,1376.2,81.96,82.24
2025-10-07 00:00:00,1344.3,82.0,83.19
2025-10-07 00:05:00,1267.6,82.04,80.61
2025-10-07 00:10:00,1357.7,82.09,83.02
2025-10-07 00:15:00,1363.1,82.13,81.43
2025-10-07 00:20:00,1490.3,82.17,82.41
2025-10-07 00:25:00,1337.5,82.22,82.34
2025-10-07 00:30:00,1370.5,82.26,82.94
2025-10-07 00:35:00,1414.4,82.3,81.37
2025-10-07 00:40:00,1343.1,82.35,81.85
2025-10-07 00:45:00,1440.5,82.39,82.8
2025-10-07 00:50:00,1302.5,82.43,82.19
2025-10-07 00:55:00,1433.4,82.48,83.72
2025-10-07 01:00:00,1426.7,82.52,84.74
2025-10-07 01:05:00,1400.8,82.56,83.38
2025-10-07 01:10:00,1360.4,82.6,81.44
2025-10-07 01:15:00,1410.1,82.64,83.18
2025-10-07 01:20:00,1435.0,82.68,82.83
2025-10-07 01:25:00,1359.7,82.72,81.76
2025-10-07 01:30:00,1363.3,82.77,83.28
2025-10-07 01:35:00,1507.6,82.81,79.0
2025-10-07 01:40:00,1467.8,82.85,84.07
2025-10-07 01:45:00,1543.0,82.88,83.3
2025-10-07 01:50:00,1474.8,82.92,82.39
2025-10-07 01:55:00,1387.7,82.96,83.54
2025-10-07 02:00:00,1271.8,83.0,82.07
2025-10-07 02:05:00,1420.4,83.04,81.48
2025-10-07 02:10:00,1403.8,83.07,81.35
2025-10-07 02:15:00,1420.2,83.11,83.12
2025-10-07 02:20:00,1333.1,83.15,82.04
2025-10-07 02:25:00,1339.5,83.18,80.58
2025-10-07 02:30:00,1352.1,83.22,83.33
2025-10-07 02:35:00,1536.3,83.25,82.64
2025-10-07 02:40:00,1377.6,83.29,84.86
2025-10-07 02:45:00,1597.5,83.32,82.74
2025-10-07 02:50:00,1518.2,83.35,84.68
2025-10-07 02:55:00,1457.1,83.38,82.23
2025-10-07 03:00:00,1289.4,83.41,84.06
2025-10-07 03:05:00,1666.1,83.44,83.22
2025-10-07 03:10:00,1578.2,83.47,85.63
2025-10-07 03:15:00,1254.0,83.5,82.79
2025-10-07 03:20:00,1571.6,83.53,84.63
2025-10-07 03:25:00,1460.9,83.56,83.52
2025-10-07 03:30:00,1470.3,83.59,82.84
2025-10-07 03:35:00,1685.9,83.61,82.26
2025-10-07 03:40:00,1190.8,83.64,83.79
2025-10-07 03:45:00,1564.1,83.66,83.07
2025-10-07 03:50:00,1391.6,83.69,82.49
2025-10-07 03:55:00,1389.2,83.71,82.52
2025-10-07 04:00:00,1282.2,83.73,82.01
2025-10-07 04:05:00,1334.6,83.75,85.88
2025-10-07 04:10:00,1391.0,83.77,83.97
2025-10-07 04:15:00,1655.2,83.79,83.04
2025-10-07 04:20:00,1282.7,83.81,84.39
2025-10-07 04:25:00,1255.8,83.83,84.19
2025-10-07 04:30:00,1531.0,83.85,82.58
2025-10-07 04:35:00,1337.6,83.86,85.8
2025-10-07 04:40:00,1275.5,83.88,83.07
2025-10-07 04:45:00,1425.1,83.89,83.51
2025-10-07 04:50:00,1299.4,83.91,85.73
2025-10-07 04:55:00,1330.6,83.92,84.28
2025-10-07 05:00:00,1350.2,83.93,83.64
2025-10-07 05:05:00,1239.2,83.94,84.99
2025-10-07 05:10:00,1348.1,83.95,85.4
2025-10-07 05:15:00,1263.3,83.96,83.38
2025-10-07 05:20:00,1452.9,83.97,84.07
2025-10-07 05:25:00,1321.9,83.98,83.8
2025-10-07 05:30:00,1247.9,83.98,84.02
2025-10-07 05:35:00,1091.6,83.99,84.16
2025-10-07 05:40:00,1554.2,83.99,85.0
2025-10-07 05:45:00,1495.9,84.0,83.49
2025-10-07 05:50:00,1454.2,84.0,83.51
2025-10-07 05:55:00,1387.2,84.0,83.86
2025-10-07 06:00:00,1608.9,84.0,85.04
2025-10-07 06:05:00,2050.2,84.0,84.95
2025-10-07 06:10:00,1887.8,84.0,84.78
2025-10-07 06:15:00,2053.2,84.0,81.39
2025-10-07 06:20:00,1794.0,83.99,84.03
2025-10-07 06:25:00,1920.9,83.99,83.95
2025-10-07 06:30:00,1923.7,83.98,85.69
2025-10-07 06:35:00,1778.2,83.98,82.38
2025-10-07 06:40:00,1884.8,83.97,82.37
2025-10-07 06:45:00,1930.8,83.96,83.9
2025-10-07 06:50:00,1842.8,83.95,84.35
2025-10-07 06:55:00,2149.3,83.94,85.18
2025-10-07 07:00:00,2229.6,83.93,85.22
2025-10-07 07:05:00,1994.3,83.92,85.96
2025-10-07 07:10:00,2079.5,83.91,86.05
2025-10-07 07:15:00,1975.8,83.89,81.45
2025-10-07 07:20:00,1863.3,83.88,84.07
2025-10-07 07:25:00,2061.7,83.86,83.61
2025-10-07 07:30:00,2114.0,83.85,82.5
2025-10-07 07:35:00,1917.2,83.83,84.96
2025-10-07 07:40:00,2004.7,83.81,83.91
2025-10-07 07:45:00,2161.5,83.79,85.05
2025-10-07 07:50:00,1907.1,83.77,84.0
2025-10-07 07:55:00,1802.3,83.75,83.73
2025-10-07 08:00:00,2044.3,83.73,81.72
2025-10-07 08:05:00,2179.6,83.71,86.01
2025-10-07 08:10:00,2056.6,83.69,84.75
2025-10-07 08:15:00,2172.9,83.66,83.46
2025-10-07 08:20:00,2119.9,83.64,84.08
2025-10-07 08:25:00,1822.9,83.61,82.57
2025-10-07 08:30:00,1934.3,83.59,84.82
2025-10-07 08:35:00,2011.3,83.56,84.7
2025-10-07 08:40:00,1945.4,83.53,82.06
2025-10-07 08:45:00,2238.6,83.5,86.65
2025-10-07 08:50:00,2044.4,83.47,83.25
2025-10-07 08:55:00,2137.4,83.44,82.17
2025-10-07 09:00:00,1976.1,83.41,81.76
2025-10-07 09:05:00,2056.0,83.38,83.67
2025-10-07 09:10:00,1953.7,83.35,82.6
2025-10-07 09:15:00,1824.7,83.32,82.37
2025-10-07 09:20:00,2142.4,83.29,82.88
2025-10-07 09:25:00,2145.8,83.25,82.25
2025-10-07 09:30:00,1990.9,83.22,82.69
2025-10-07 09:35:00,1970.1,83.18,84.07
2025-10-07 09:40:00,1763.0,83.15,84.01
2025-10-07 09:45:00,2080.5,83.11,83.12
2025-10-07 09:50:00,2009.1,83.07,82.82
2025-10-07 09:55:00,2080.2,83.04,83.11
2025-10-07 10:00:00,1902.4,83.0,83.18
2025-10-07 10:05:00,2110.5,82.96,83.39
2025-10-07 10:10:00,2003.7,82.92,83.16
2025-10-07 10:15:00,1943.1,82.88,82.36
2025-10-07 10:20:00,1782.9,82.85,82.64
2025-10-07 10:25:00,2113.9,82.81,82.36
2025-10-07 10:30:00,1895.8,82.77,83.8
2025-10-07 10:35:00,2019.2,82.72,82.89
2025-10-07 10:40:00,2054.6,82.68,83.49
2025-10-07 10:45:00,1995.4,82.64,81.69
2025-10-07 10:50:00,2200.7,82.6,82.67
2025-10-07 10:55:00,1911.4,82.56,82.78
2025-10-07 11:00:00,2137.5,82.52,80.89
2025-10-07 11:05:00,2151.0,82.48,82.32
2025-10-07 11:10:00,2229.7,82.43,83.2
2025-10-07 11:15:00,1988.2,82.39,83.84
2025-10-07 11:20:00,2146.6,82.35,81.95
2025-10-07 11:25:00,2027.2,82.3,81.72
2025-10-07 11:30:00,2105.8,82.26,80.65
2025-10-07 11:35:00,1980.2,82.22,79.78
2025-10-07 11:40:00,2068.1,82.17,79.62
2025-10-07 11:45:00,1879.1,82.13,82.44
2025-10-07 11:50:00,1960.1,82.09,81.58
2025-10-07 11:55:00,1889.7,82.04,81.51
2025-10-07 12:00:00,1799.6,82.0,82.37
2025-10-07 12:05:00,2092.7,81.96,82.83
2025-10-07 12:10:00,1996.2,81.91,83.32
2025-10-07 12:15:00,2053.5,81.87,82.97
2025-10-07 12:20:00,2045.5,81.83,81.87
2025-10-07 12:25:00,1913.6,81.78,78.78
2025-10-07 12:30:00,2074.2,81.74,81.61
2025-10-07 12:35:00,2227.8,81.7,79.43
2025-10-07 12:40:00,2096.8,81.65,80.57
2025-10-07 12:45:00,2000.1,81.61,80.6
2025-10-07 12:50:00,2040.4,81.57,81.54
2025-10-07 12:55:00,2100.8,81.52,81.7
2025-10-07 13:00:00,2055.2,81.48,82.95
2025-10-07 13:05:00,2059.8,81.44,81.29
2025-10-07 13:10:00,2142.2,81.4,81.28
2025-10-07 13:15:00,2047.3,81.36,81.0
2025-10-07 13:20:00,1924.9,81.32,77.89
2025-10-07 13:25:00,2080.1,81.28,79.96
2025-10-07 13:30:00,2084.6,81.23,83.3
2025-10-07 13:35:00,1850.2,81.19,82.2
2025-10-07 13:40:00,1989.7,81.15,81.68
2025-10-07 13:45:00,1864.3,81.12,81.16
2025-10-07 13:50:00,2018.7,81.08,82.72
2025-10-07 13:55:00,2245.7,81.04,81.41
2025-10-07 14:00:00,1959.3,81.0,83.54
2025-10-07 14:05:00,1988.9,80.96,80.91
2025-10-07 14:10:00,2012.7,80.93,81.47
2025-10-07 14:15:00,2082.2,80.89,80.24
2025-10-07 14:20:00,1988.7,80.85,83.01
2025-10-07 14:25:00,2184.2,80.82,81.34
2025-10-07 14:30:00,2032.7,80.78,80.53
2025-10-07 14:35:00,2118.5,80.75,80.18
2025-10-07 14:40:00,2015.7,80.71,80.21
2025-10-07 14:45:00,1930.5,80.68,80.74
2025-10-07 14:50:00,2002.3,80.65,80.01
2025-10-07 14:55:00,1994.4,80.62,80.71
2025-10-07 15:00:00,1948.3,80.59,79.86
2025-10-07 15:05:00,1986.1,80.56,81.37
2025-10-07 15:10:00,2128.1,80.53,80.76
2025-10-07 15:15:00,1971.1,80.5,80.48
2025-10-07 15:20:00,2219.9,80.47,81.53
2025-10-07 15:25:00,1893.4,80.44,80.4
2025-10-07 15:30:00,1941.5,80.41,80.02
2025-10-07 15:35:00,1809.9,80.39,80.44
2025-10-07 15:40:00,1847.1,80.36,79.71
2025-10-07 15:45:00,2175.1,80.34,81.5
2025-10-07 15:50:00,1902.9,80.31,79.15
2025-10-07 15:55:00,1898.0,80.29,78.16
2025-10-07 16:00:00,1890.1,80.27,79.98
2025-10-07 16:05:00,1882.6,80.25,81.13
2025-10-07 16:10:00,1996.2,80.23,79.64
2025-10-07 16:15:00,2201.8,80.21,81.04
2025-10-07 16:20:00,2010.1,80.19,82.32
2025-10-07 16:25:00,2152.2,80.17,79.39
2025-10-07 16:30:00,2039.1,80.15,79.67
2025-10-07 16:35:00,1838.1,80.14,82.33
2025-10-07 16:40:00,2173.7,80.12,78.69
2025-10-07 16:45:00,2058.4,80.11,78.25
2025-10-07 16:50:00,2125.0,80.09,80.05
2025-10-07 16:55:00,1968.9,80.08,81.54
2025-10-07 17:00:00,2003.3,80.07,79.79
2025-10-07 17:05:00,2106.8,80.06,79.73
2025-10-07 17:10:00,2102.2,80.05,80.07
2025-10-07 17:15:00,2096.9,80.04,80.78
2025-10-07 17:20:00,2092.9,80.03,78.9
2025-10-07 17:25:00,2218.1,80.02,79.86
2025-10-07 17:30:00,2204.4,80.02,79.36
2025-10-07 17:35:00,1970.9,80.01,79.73
2025-10-07 17:40:00,2135.2,80.01,79.54
2025-10-07 17:45:00,2050.2,80.0,78.23
2025-10-07 17:50:00,1947.2,80.0,80.28
2025-10-07 17:55:00,1989.9,80.0,77.87
2025-10-07 18:00:00,2059.9,80.0,78.91
2025-10-07 18:05:00,2225.6,80.0,79.8
2025-10-07 18:10:00,2262.6,80.0,80.79
2025-10-07 18:15:00,2055.4,80.0,79.47
2025-10-07 18:20:00,1988.8,80.01,80.55
2025-10-07 18:25:00,1777.6,80.01,81.18
2025-10-07 18:30:00,1867.2,80.02,79.74
2025-10-07 18:35:00,1686.6,80.02,80.57
2025-10-07 18:40:00,2088.5,80.03,80.38
2025-10-07 18:45:00,2039.5,80.04,79.63
2025-10-07 18:50:00,2019.9,80.05,81.47
2025-10-07 18:55:00,1953.0,80.06,80.66
2025-10-07 19:00:00,2086.4,80.07,79.82
2025-10-07 19:05:00,2029.8,80.08,80.36
2025-10-07 19:10:00,1944.9,80.09,82.93
2025-10-07 19:15:00,1952.0,80.11,82.11
2025-10-07 19:20:00,2126.1,80.12,77.78
2025-10-07 19:25:00,2031.3,80.14,81.35
2025-10-07 19:30:00,2096.8,80.15,79.13
2025-10-07 19:35:00,2032.2,80.17,78.8
2025-10-07 19:40:00,1881.6,80.19,79.93
2025-10-07 19:45:00,2024.0,80.21,82.09
2025-10-07 19:50:00,2043.7,80.23,81.48
2025-10-07 19:55:00,1862.7,80.25,78.92
2025-10-07 20:00:00,1945.7,80.27,82.33
2025-10-07 20:05:00,1846.5,80.29,78.47
2025-10-07 20:10:00,1993.2,80.31,81.72
2025-10-07 20:15:00,1812.4,80.34,80.06
2025-10-07 20:20:00,1844.0,80.36,82.07
2025-10-07 20:25:00,2082.5,80.39,80.72
2025-10-07 20:30:00,1996.3,80.41,80.16
2025-10-07 20:35:00,2017.9,80.44,79.7
2025-10-07 20:40:00,1898.9,80.47,79.19
2025-10-07 20:45:00,2003.2,80.5,79.59
2025-10-07 20:50:00,2103.6,80.53,78.09
2025-10-07 20:55:00,2067.9,80.56,81.19
2025-10-07 21:00:00,2143.5,80.59,80.31
2025-10-07 21:05:00,1826.5,80.62,79.56
2025-10-07 21:10:00,2133.6,80.65,80.31
2025-10-07 21:15:00,1953.4,80.68,80.01
2025-10-07 21:20:00,1993.9,80.71,80.46
2025-10-07 21:25:00,1819.7,80.75,80.06
2025-10-07 21:30:00,2118.9,80.78,82.49
2025-10-07 21:35:00,1987.1,80.82,80.23
2025-10-07 21:40:00,2159.7,80.85,80.66
2025-10-07 21:45:00,1863.9,80.89,80.75
2025-10-07 21:50:00,2082.4,80.93,82.76
2025-10-07 21:55:00,1944.4,80.96,81.6
2025-10-07 22:00:00,1962.7,81.0,82.34
2025-10-07 22:05:00,1431.4,81.04,81.36
2025-10-07 22:10:00,1286.4,81.08,80.72
2025-10-07 22:15:00,1363.4,81.12,76.92
2025-10-07 22:20:00,1501.1,81.15,81.15
2025-10-07 22:25:00,1376.8,81.19,80.78
2025-10-07 22:30:00,1404.1,81.23,81.53
2025-10-07 22:35:00,1248.5,81.28,81.43
2025-10-07 22:40:00,1414.3,81.32,81.36
2025-10-07 22:45:00,1227.6,81.36,81.2
2025-10-07 22:50:00,1251.2,81.4,81.82
2025-10-07 22:55:00,1554.7,81.44,82.47
2025-10-07 23:00:00,1361.3,81.48,80.86
2025-10-07 23:05:00,1334.9,81.52,81.94
2025-10-07 23:10:00,1323.3,81.57,80.95
2025-10-07 23:15:00,1108.3,81.61,80.63
2025-10-07 23:20:00,1309.5,81.65,81.03
2025-10-07 23:25:00,1542.6,81.7,80.12
2025-10-07 23:30:00,1245.7,81.74,82.45
2025-10-07 23:35:00,1286.3,81.78,81.6
2025-10-07 23:40:00,1421.1,81.83,81.85
2025-10-07 23:45:00,1310.2,81.87,82.95
2025-10-07 23:50:00,1575.7,81.91,80.75
2025-10-07 23:55:00,1369.0,81.96,83.06
