timestamp,RM-CORN_level_t,RM-SOY_level_t,RM-WHT_level_t,RM-PREM_level_t
2025-10-01 00:00:00,179.98561347008678,89.98813555876639,109.98132835717325,6.0
2025-10-01 00:15:00,179.96924745948021,89.96788351881875,109.98132835717325,5.975070684681728
2025-10-01 00:30:00,179.96458439246183,89.95890427642368,109.98132835717325,5.975070684681728
2025-10-01 00:45:00,179.96458439246183,89.95890427642368,109.96725619174623,5.975070684681728
2025-10-01 01:00:00,179.9502754139821,89.95406196613445,109.96725619174623,5.966396767439299
2025-10-01 01:15:00,179.9502754139821,89.93668811664436,109.96725619174623,5.95010279435259
2025-10-01 01:30:00,179.9502754139821,89.9317017032059,109.94647194604984,5.938787219089031
2025-10-01 01:45:00,179.9502754139821,89.9317017032059,109.92105136746561,5.911537593586747
2025-10-01 02:00:00,179.9502754139821,89.9317017032059,109.89994289235929,5.895494006819072
2025-10-01 02:15:00,179.9502754139821,89.9310211077077,109.86053750499933,5.895494006819072
2025-10-01 02:30:00,179.9502754139821,89.9259622386459,109.83024267900173,5.8818209525474305
2025-10-01 02:45:00,179.9502754139821,89.9253255208191,109.81409718930546,5.831414361847882
2025-10-01 03:00:00,179.9502754139821,89.90034315774736,109.81226726658252,5.831414361847882
2025-10-01 03:15:00,179.8994231649114,89.90034315774736,109.81226726658252,5.817298104342333
2025-10-01 03:30:00,179.8994231649114,89.89935352067425,109.79244212998832,5.795047010258603
2025-10-01 03:45:00,179.85928213632062,89.89935352067425,109.79244212998832,5.7887360666836445
2025-10-01 04:00:00,179.83418673980495,89.89935352067425,109.76738280040156,5.756257563937282
2025-10-01 04:15:00,179.81969873337144,89.85221920407379,109.76738280040156,5.7438253718224095
2025-10-01 04:30:00,179.8169036612756,89.81777946329093,109.76738280040156,5.7438253718224095
2025-10-01 04:45:00,179.8169036612756,89.81777946329093,109.76738280040156,5.714221536044203
2025-10-01 05:00:00,179.79535698013268,89.81777946329093,109.76738280040156,5.708741969175527
2025-10-01 05:15:00,179.79535698013268,89.81777946329093,109.76738280040156,5.708741969175527
2025-10-01 05:30:00,179.79535698013268,89.81777946329093,109.76738280040156,5.703002288724157
2025-10-01 05:45:00,179.79535698013268,89.81777946329093,109.76738280040156,5.703002288724157
2025-10-01 06:00:00,179.56993642385845,89.65861397101806,109.69018124748021,5.699395200163007
2025-10-01 06:15:00,178.90243642385846,89.33626240600604,109.45724304784872,5.694395200163007
2025-10-01 06:30:00,178.22311961660546,89.02214957780879,109.23022907096868,5.66538915375725
2025-10-01 06:45:00,177.524094962341,88.71724080500918,109.02522907096868,5.634549958030268
2025-10-01 07:00:00,176.83652098944054,88.36489635223968,108.82022907096868,5.598570626403443
2025-10-01 07:15:00,176.1669862880593,87.99960131552524,108.61522907096868,5.586095363100946
2025-10-01 07:30:00,175.47360728695395,87.6838762243014,108.38199186061554,5.581095363100946
2025-10-01 07:45:00,174.77830475215114,87.32162206402838,108.17222085444622,5.566685263190167
2025-10-01 08:00:00,174.092669274189,86.98135406140293,107.92545889453396,5.561685263190167
2025-10-01 08:15:00,173.4155367610302,86.66774830801545,107.72045889453396,5.556685263190167
2025-10-01 08:30:00,172.67673073400002,86.3625038446761,107.46707875521302,5.502333194402395
2025-10-01 08:45:00,171.9917279027871,86.03833385350657,107.25214883565133,5.487427255025786
2025-10-01 09:00:00,171.2677282354402,85.69776118719588,107.04583260063676,5.441857015331501
2025-10-01 09:15:00,170.59480268322935,85.39966331751279,106.83507975636937,5.4097745065528375
2025-10-01 09:30:00,169.88422263076737,85.1025965452742,106.57996259615166,5.3681688258655385
2025-10-01 09:45:00,169.43609431027204,84.88817477180565,106.44996259615166,5.348166874065007
2025-10-01 10:00:00,168.98633714904128,84.69984143847232,106.28430976904629,5.339019049268129
2025-10-01 10:15:00,168.31034624848752,84.38834230209336,106.07930976904629,5.3320828718177955
2025-10-01 10:30:00,167.61860727437167,84.04612242036835,105.83382126702872,5.307068651548087
2025-10-01 10:45:00,166.922340244084,83.73598355337846,105.60709775717244,5.302068651548087
2025-10-01 11:00:00,166.46622862511407,83.50336407820409,105.43426265880981,5.287533822489445
2025-10-01 11:15:00,166.44986617653927,83.50336407820409,105.4231876790608,5.287533822489445
2025-10-01 11:30:00,166.42745010325734,83.49936148556213,105.4231876790608,5.287533822489445
2025-10-01 11:45:00,166.39382257940954,83.49002420106738,105.42226216234832,5.2601934256160305
2025-10-01 12:00:00,166.1573598673889,83.38763896788683,105.35250546267807,5.24275298213421
2025-10-01 12:15:00,165.4898598673889,83.06440747814227,105.09869119744957,5.167805517713705
2025-10-01 12:30:00,164.8223598673889,82.73447992113736,104.87795651093029,5.139342473244059
2025-10-01 12:45:00,164.1117025695875,82.42429896309146,104.62545021604541,5.134342473244059
2025-10-01 13:00:00,163.41412908893383,82.13179896309146,104.42045021604541,5.056900748473668
2025-10-01 13:15:00,162.72734054447088,81.81553932715693,104.19769903318779,5.010249047178711
2025-10-01 13:30:00,162.03060114573557,81.51905483326146,103.9710236956456,4.993741449004363
2025-10-01 13:45:00,161.32266213132172,81.19466941052123,103.7660236956456,4.956352930919233
2025-10-01 14:00:00,160.61334675313014,80.88803941664054,103.52838948848007,4.9501796000221745
2025-10-01 14:15:00,159.90201161916337,80.58864264478176,103.30442882123582,4.89963312148472
2025-10-01 14:30:00,159.22980281868973,80.26976239416706,103.06184499757136,4.872243351012747
2025-10-01 14:45:00,158.56230281868974,79.94666377940317,102.80189548286701,4.81989207391589
2025-10-01 15:00:00,157.87808671527307,79.61157008392087,102.57896526262923,4.797600370865146
2025-10-01 15:15:00,157.18605734955767,79.28727715312662,102.37396526262923,4.790317821573272
2025-10-01 15:30:00,156.5033121526073,78.99477715312662,102.15186986680148,4.7639566274671905
2025-10-01 15:45:00,155.80999938737773,78.66466651984018,101.92968915782046,4.758956627467191
2025-10-01 16:00:00,155.14249938737774,78.36408460385573,101.72468915782046,4.731275090002061
2025-10-01 16:15:00,154.47070638962128,78.05911681115848,101.50193217288164,4.680369741495906
2025-10-01 16:30:00,153.77685277667683,77.73581645573606,101.27486407656576,4.656410518022723
2025-10-01 16:45:00,153.076997346583,77.39440911445055,101.03264714086727,4.629404410085931
2025-10-01 17:00:00,152.60572278231737,77.15095243017443,100.85413968432306,4.629404410085931
2025-10-01 17:15:00,152.56276797056702,77.15095243017443,100.85413968432306,4.629404410085931
2025-10-01 17:30:00,152.54544005891208,77.15095243017443,100.84678571318469,4.609605572469484
2025-10-01 17:45:00,152.52219998449777,77.15095243017443,100.84678571318469,4.609605572469484
2025-10-01 18:00:00,152.29676057938195,77.0645501678771,100.76329208301203,4.601224095600435
2025-10-01 18:15:00,151.57758811106908,76.74724507886194,100.54479324454918,4.596224095600435
2025-10-01 18:30:00,150.9100881110691,76.44467148371531,100.32911667584824,4.591184453138744
2025-10-01 18:45:00,150.23269348619334,76.12363436636704,100.11597957788001,4.572516465699985
2025-10-01 19:00:00,149.56519348619335,75.77551423652379,99.88733025400379,4.562881997717998
2025-10-01 19:15:00,148.86397543877067,75.46028464162785,99.66873218479253,4.5299638474430415
2025-10-01 19:30:00,148.38558876560325,75.24634251504256,99.49390019578681,4.51391553930293
2025-10-01 19:45:00,147.70438668823354,74.90124272569948,99.2719345162115,4.473933928122175
2025-10-01 20:00:00,147.01913748986001,74.60661475937215,99.05921202333519,4.462125470992317
2025-10-01 20:15:00,146.30186256804308,74.31411475937215,98.83942600042663,4.439812845411362
2025-10-01 20:30:00,145.6343625680431,73.9981390021599,98.61499280415086,4.432911781644989
2025-10-01 20:45:00,144.9668625680431,73.67879192933111,98.40999280415086,4.357328968242375
2025-10-01 21:00:00,144.25745988080686,73.38629192933111,98.20273537112,4.352328968242375
2025-10-01 21:15:00,143.58995988080687,73.04796039985332,97.9846666823889,4.335802645502474
2025-10-01 21:30:00,142.90347249679806,72.75012389612344,97.74743248251885,4.326903807387411
2025-10-01 21:45:00,142.22301052923513,72.44731458158583,97.53742386144262,4.300081711137697
2025-10-01 22:00:00,141.52968846518726,72.15481458158582,97.2793778345681,4.251530357458918
2025-10-01 22:15:00,141.09135513185393,71.91944815439761,97.14525642100696,4.2398727135995005
2025-10-01 22:30:00,140.39624015767876,71.61301264142901,96.90405004970054,4.215727154470599
2025-10-01 22:45:00,139.72874015767877,71.320512641429,96.69905004970055,4.178423780817939
2025-10-01 23:00:00,139.24975790260322,71.09783798954983,96.53034040857861,4.11510925108209
2025-10-01 23:15:00,139.2378951058297,71.07639351291115,96.53034040857861,4.11510925108209
2025-10-01 23:30:00,139.21025824678762,71.07639351291115,96.53034040857861,4.11510925108209
2025-10-01 23:45:00,139.18594390877695,71.05260076444429,96.5075909232655,4.11510925108209
2025-10-02 00:00:00,139.18594390877695,71.05260076444429,96.44118268763386,4.11510925108209
2025-10-02 00:15:00,139.18594390877695,71.05260076444429,96.43213583070829,4.071891017925448
2025-10-02 00:30:00,139.18594390877695,71.05260076444429,96.40854211869832,4.062592040722727
2025-10-02 00:45:00,139.18594390877695,71.04380939414773,96.40854211869832,4.062592040722727
2025-10-02 01:00:00,139.18594390877695,71.0116657234501,96.39787314528024,4.062592040722727
2025-10-02 01:15:00,139.18594390877695,71.0116657234501,96.39787314528024,4.062592040722727
2025-10-02 01:30:00,139.18594390877695,70.99118786239677,96.39787314528024,4.062592040722727
2025-10-02 01:45:00,139.18594390877695,70.99118786239677,96.37447177990997,4.062592040722727
2025-10-02 02:00:00,139.18594390877695,70.99118786239677,96.37447177990997,4.062592040722727
2025-10-02 02:15:00,139.1672120209122,70.9792933720137,96.35289062529314,4.062592040722727
2025-10-02 02:30:00,139.14386812606475,70.96584363899078,96.35289062529314,4.04585252094683
2025-10-02 02:45:00,139.11192508594726,70.96584363899078,96.35289062529314,4.023444589604906
2025-10-02 03:00:00,139.10636712235902,70.94710808017722,96.35289062529314,4.018169532218361
2025-10-02 03:15:00,139.10272093734943,70.93665163006831,96.35289062529314,4.018169532218361
2025-10-02 03:30:00,139.1004164029128,70.93665163006831,96.34212395463344,4.018169532218361
2025-10-02 03:45:00,139.0695988799355,70.90703276365136,96.34212395463344,4.018169532218361
2025-10-02 04:00:00,139.0695988799355,70.90703276365136,96.33036538410306,4.00751349953637
2025-10-02 04:15:00,139.05051130066101,70.90703276365136,96.33036538410306,3.993719825211114
2025-10-02 04:30:00,139.0405453722757,70.90703276365136,96.33036538410306,3.9846438269716273
2025-10-02 04:45:00,139.01328871887287,70.90703276365136,96.33036538410306,3.9846438269716273
2025-10-02 05:00:00,139.0071266749048,70.90703276365136,96.33036538410306,3.9846438269716273
2025-10-02 05:15:00,138.99678599193473,70.90703276365136,96.32463021861359,3.9846438269716273
2025-10-02 05:30:00,138.99678599193473,70.90703276365136,96.32463021861359,3.9846438269716273
2025-10-02 05:45:00,138.9655669038229,70.90703276365136,96.30532705955642,3.9846438269716273
2025-10-02 06:00:00,138.7564002371562,70.80531424862555,96.2498289375225,3.9246675520874317
2025-10-02 06:15:00,138.31806690382288,70.6085965199345,96.09058676025616,3.9246675520874317
2025-10-02 06:30:00,137.63505380508818,70.31609651993449,95.88558676025616,3.895054750595177
2025-10-02 06:45:00,136.94286224850993,70.00692632832282,95.6740318447038,3.890023081370532
2025-10-02 07:00:00,136.22986990926876,69.71442632832282,95.4690318447038,3.875402895498416
2025-10-02 07:15:00,135.5300460324854,69.40656778872247,95.26403184470381,3.825401935214674
2025-10-02 07:30:00,134.856382166324,69.11406778872247,95.04604058537628,3.8007647948750063
2025-10-02 07:45:00,134.15450091621864,68.81578714045605,94.82509455872217,3.7750614804339326
2025-10-02 08:00:00,133.43005498858716,68.51098188098683,94.58985148481969,3.7692123742807064
2025-10-02 08:15:00,132.73144673174403,68.17301075270638,94.34937309775864,3.7510624975283418
2025-10-02 08:30:00,132.0401183669985,67.86770417410096,94.1402534673689,3.7127519622512053
2025-10-02 08:45:00,131.3240905691497,67.55882980446314,93.92443635808375,3.6739879025880176
2025-10-02 09:00:00,130.88575723581636,67.34092394516426,93.77969521325376,3.654677881789929
2025-10-02 09:15:00,130.15266760555795,66.98996424618555,93.56965550960517,3.645295327534686
2025-10-02 09:30:00,129.4536659491292,66.69306251044289,93.33808635489227,3.6201597599657784
2025-10-02 09:45:00,128.74996820627203,66.39413035403365,93.12461611040331,3.5806996380514136
2025-10-02 10:00:00,128.04395953423395,66.09982803695657,92.91961611040331,3.5551839131332037
2025-10-02 10:15:00,127.35713748674314,65.80732803695656,92.7051159362909,3.5038367571266464
2025-10-02 10:30:00,126.6452576638924,65.45794568844273,92.49815188199598,3.482008891214192
2025-10-02 10:45:00,125.97775766389239,65.1314484051956,92.29315188199598,3.465417546516213
2025-10-02 11:00:00,125.53229608721338,64.91124813751064,92.12893695714565,3.428060294019532
2025-10-02 11:15:00,125.53229608721338,64.896203188176,92.10011845221344,3.4144903719024557
2025-10-02 11:30:00,125.53229608721338,64.896203188176,92.09601315842528,3.4144903719024557
2025-10-02 11:45:00,125.53229608721338,64.896203188176,92.09601315842528,3.4014969896523817
2025-10-02 12:00:00,125.312036989164,64.81203652150934,92.02389964051343,3.4014969896523817
2025-10-02 12:15:00,124.62417871859341,64.51953652150934,91.80981977553814,3.3674214301620893
2025-10-02 12:30:00,123.94322574200312,64.19217785831589,91.60481977553815,3.3445972786251823
2025-10-02 12:45:00,123.25511609169976,63.8593620132291,91.33640873073382,3.3395972786251824
2025-10-02 13:00:00,122.54627902710993,63.51782407552944,91.11024362129893,3.3147693027200136
2025-10-02 13:15:00,121.82677889576091,63.205235973610414,90.89512366343469,3.3033721339873927
2025-10-02 13:30:00,121.13971022602904,62.91273597361042,90.63569463377979,3.2811154168437544
2025-10-02 13:45:00,120.47221022602903,62.59953627205226,90.42339546410516,3.226081344701389
2025-10-02 14:00:00,119.78594221919997,62.26919581511651,90.16841768249651,3.2129076745763907
2025-10-02 14:15:00,119.06676507396442,61.975215765266206,89.94976297736169,3.18675694590216
2025-10-02 14:30:00,118.36150621616922,61.67332669385025,89.71659490392119,3.1525142604727083
2025-10-02 14:45:00,117.66729709169662,61.338076014480265,89.50918955556196,3.1362248275049067
2025-10-02 15:00:00,116.97474048728671,61.01448856982688,89.28570379179243,3.117431428864624
2025-10-02 15:15:00,116.53640715395338,60.8172558150336,89.15124258775539,3.0825123395299334
2025-10-02 15:30:00,115.83867586412914,60.492112394269924,88.87790310673161,3.0236706117688033
2025-10-02 15:45:00,115.14135983667279,60.18915619145441,88.67290310673161,2.9781367286466485
2025-10-02 16:00:00,114.44477165615287,59.88035686698044,88.42281671862017,2.9457573300750237
2025-10-02 16:15:00,113.75470266127948,59.558626178841095,88.21781671862017,2.8747343839691015
2025-10-02 16:30:00,113.04209826779706,59.25457172429228,87.9957826554769,2.8435557702011516
2025-10-02 16:45:00,112.34652054607777,58.94311465576531,87.73270581267978,2.8275114530964105
2025-10-02 17:00:00,111.9046670726228,58.72191208608131,87.56187035142285,2.771946726675836
2025-10-02 17:15:00,111.87031692341888,58.72191208608131,87.54632797821331,2.7424280174439097
2025-10-02 17:30:00,111.85235736283543,58.72191208608131,87.52885048729878,2.7328175396426433
2025-10-02 17:45:00,111.83337451537234,58.72191208608131,87.50296145536421,2.705564996857258
2025-10-02 18:00:00,111.59575622069639,58.610693760510124,87.42447994263672,2.705564996857258
2025-10-02 18:15:00,110.90897521744446,58.29081696396358,87.18008164625634,2.6625697811261824
2025-10-02 18:30:00,110.2099777522561,57.988832598958034,86.94003484900858,2.6278218909351794
2025-10-02 18:45:00,109.54247775225609,57.69633259895804,86.73503484900858,2.562441004118191
2025-10-02 19:00:00,108.86930628914598,57.363669840118625,86.5214042875579,2.5205604524763148
2025-10-02 19:15:00,108.1863307569812,57.062821109302284,86.30707420332868,2.4923395012704708
2025-10-02 19:30:00,107.48985081115629,56.77032110930229,86.07773933204041,2.4841622600862863
2025-10-02 19:45:00,106.81210241040058,56.472513581055395,85.84749287003491,2.413013149866473
2025-10-02 20:00:00,106.11563714115238,56.16090630764873,85.59292204334359,2.4028172423812886
2025-10-02 20:15:00,105.44813714115237,55.85000933203519,85.3879220433436,2.396124210541314
2025-10-02 20:30:00,104.74703088571626,55.55124620626372,85.17286737266527,2.3690597278552312
2025-10-02 20:45:00,104.07844618082447,55.22845713564772,84.94114629498229,2.344470465024664
2025-10-02 21:00:00,103.40610386319747,54.93126930684276,84.7194501758446,2.2970751698150704
2025-10-02 21:15:00,102.68727647827598,54.63876930684276,84.5144501758446,2.2648748407903327
2025-10-02 21:30:00,102.01977647827597,54.346269306842764,84.3094501758446,2.2298706946058315
2025-10-02 21:45:00,101.3268737069934,54.019338770048435,84.07308542724847,2.2012693215630605
2025-10-02 22:00:00,100.64330395705167,53.68244182337006,83.86322360341136,2.1524135031535043
2025-10-02 22:15:00,99.94198650443155,53.389941823370066,83.65822360341136,2.111225305503778
2025-10-02 22:30:00,99.27448650443155,53.05854656375053,83.38971140873,2.106225305503778
2025-10-02 22:45:00,98.60698650443155,52.742599553267354,83.18119676545986,2.0998359157198103
2025-10-02 23:00:00,98.13577073803236,52.5118115918926,83.02409149039872,2.0998359157198103
2025-10-02 23:15:00,98.13577073803236,52.5118115918926,83.02409149039872,2.0998359157198103
2025-10-02 23:30:00,98.12583750328298,52.5118115918926,83.00157874139683,2.0998359157198103
2025-10-02 23:45:00,98.10865284885458,52.487765936785294,83.00157874139683,2.094192292557898
2025-10-03 00:00:00,98.08974388639572,52.487765936785294,83.00157874139683,2.0866592973145743
2025-10-03 00:15:00,98.08974388639572,52.479296040699694,83.00157874139683,2.047955777163039
2025-10-03 00:30:00,98.08974388639572,52.479296040699694,82.96954682275063,2.047955777163039
2025-10-03 00:45:00,98.07865227826069,52.479296040699694,82.9693965420723,2.0464737729368934
2025-10-03 01:00:00,98.07865227826069,52.479296040699694,82.9693965420723,2.0464737729368934
2025-10-03 01:15:00,98.07865227826069,52.455043710920734,82.9693965420723,2.0464737729368934
2025-10-03 01:30:00,98.07829926620347,52.443509348571055,82.93902523225562,2.040341710042969
2025-10-03 01:45:00,98.07829926620347,52.443509348571055,82.93725552611573,2.040341710042969
2025-10-03 02:00:00,98.0748265236041,52.443509348571055,82.87100794607957,2.040341710042969
2025-10-03 02:15:00,98.0748265236041,52.42614060288163,82.87100794607957,2.040341710042969
2025-10-03 02:30:00,98.06936055800885,52.41924906472826,82.85035803773378,2.0348670822090873
2025-10-03 02:45:00,98.05631539772429,52.41924906472826,82.85035803773378,2.032359547883172
2025-10-03 03:00:00,98.05631539772429,52.399082443496,82.85035803773378,2.0256894430848598
2025-10-03 03:15:00,98.05631539772429,52.36307706211649,82.85035803773378,2.0256894430848598
2025-10-03 03:30:00,98.05631539772429,52.36307706211649,82.83443076496287,2.0196247678693053
2025-10-03 03:45:00,98.05631539772429,52.33487604145941,82.8279117652555,1.9949234768296704
2025-10-03 04:00:00,98.01968616566438,52.3136858078144,82.8279117652555,1.9690806667231302
2025-10-03 04:15:00,97.98493552116935,52.3136858078144,82.82476386480843,1.9690806667231302
2025-10-03 04:30:00,97.9610573802651,52.3136858078144,82.80960096219344,1.9690806667231302
2025-10-03 04:45:00,97.93416501440628,52.28858060149508,82.80960096219344,1.9561119829863052
2025-10-03 05:00:00,97.90411837664908,52.281862766522146,82.80960096219344,1.943968431009113
2025-10-03 05:15:00,97.90411837664908,52.281862766522146,82.78402962988162,1.943968431009113
2025-10-03 05:30:00,97.90215427621425,52.281862766522146,82.77205203277778,1.943968431009113
2025-10-03 05:45:00,97.90215427621425,52.244822318422365,82.74270475335277,1.943968431009113
2025-10-03 06:00:00,97.64750640132236,52.15708837937296,82.68130897607948,1.943968431009113
2025-10-03 06:15:00,96.95153778842287,51.86458837937296,82.45774599668191,1.9272807472786786
2025-10-03 06:30:00,96.27658967899367,51.572088379372964,82.21728049338672,1.8801008266811752
2025-10-03 06:45:00,95.59059721728491,51.26936198924382,81.98747021943109,1.8349948063398613
2025-10-03 07:00:00,94.91786382100217,50.97686198924382,81.76343575672625,1.8277493209692521
2025-10-03 07:15:00,94.22610275269281,50.64322053747835,81.54651752627015,1.8024415480360294
2025-10-03 07:30:00,93.54169631374086,50.316917944070354,81.30313217105702,1.7832518158578046
2025-10-03 07:45:00,92.8619396112077,50.02441794407036,81.06916915394255,1.767991440886183
2025-10-03 08:00:00,92.1680812423789,49.69192445512821,80.84456394718255,1.762991440886183
2025-10-03 08:15:00,91.49366192321212,49.36700751928401,80.60633693947955,1.7050325914886633
2025-10-03 08:30:00,90.82616192321211,49.030637663999435,80.37315265420165,1.6493922758942134
2025-10-03 08:45:00,90.10509537850423,48.67657571288561,80.12874790672574,1.6208762259690581
2025-10-03 09:00:00,89.39568910005575,48.38197923557243,79.90698608278186,1.612117811327945
2025-10-03 09:15:00,88.69896444023442,48.03039167173441,79.66643552150133,1.5897273182291431
2025-10-03 09:30:00,88.00440790848359,47.68577983045866,79.45182536182942,1.565817510664432
2025-10-03 09:45:00,87.32057123145492,47.38664121495975,79.2277722773547,1.5080760051560862
2025-10-03 10:00:00,86.62084205283685,47.05940579277009,79.0227722773547,1.464725227882591
2025-10-03 10:15:00,85.9229553992505,46.75008545309307,78.8105531275343,1.4344623364373055
2025-10-03 10:30:00,85.2554553992505,46.4234204836501,78.60555312753431,1.403662175241413
2025-10-03 10:45:00,84.54394845198466,46.09123528758141,78.40055312753431,1.3858709814045163
2025-10-03 11:00:00,84.0804232598565,45.899069281926735,78.25284991163527,1.3754504256140245
2025-10-03 11:15:00,84.0804232598565,45.899069281926735,78.23014118993426,1.3754504256140245
2025-10-03 11:30:00,84.05730698763647,45.88734005509936,78.23014118993426,1.346678691082661
2025-10-03 11:45:00,84.05730698763647,45.88734005509936,78.22218478395703,1.3396226978000845
2025-10-03 12:00:00,83.83476672195971,45.80317338843269,78.10478955036541,1.3396226978000845
2025-10-03 12:15:00,83.12270560028674,45.51067338843269,77.85762334576992,1.2984360005004727
2025-10-03 12:30:00,82.41710479567827,45.18455259379732,77.65262334576992,1.2675316610294924
2025-10-03 12:45:00,81.74960479567827,44.888218110139796,77.40859082934088,1.22684834510014
2025-10-03 13:00:00,81.03391476704718,44.57056709834702,77.20359082934088,1.2129684822864484
2025-10-03 13:15:00,80.33318177315311,44.2368382229754,76.96817130349244,1.1950599058298221
2025-10-03 13:30:00,79.66377676222656,43.9257734213502,76.76317130349244,1.1789481577735816
2025-10-03 13:45:00,78.95138053261802,43.633273421350204,76.51895169952138,1.1734118958315898
2025-10-03 14:00:00,78.2720811678719,43.3074257815755,76.28012309017876,1.1523838676100973
2025-10-03 14:15:00,77.59427850394232,42.9882654327207,76.02685441757063,1.1289493733220755
2025-10-03 14:30:00,76.92677850394232,42.68333179817787,75.80930461334056,1.1163626175474828
2025-10-03 14:45:00,76.24140744218442,42.387711369452255,75.57958943072624,1.111362617547483
2025-10-03 15:00:00,75.5447063890476,42.058021787737616,75.35269722510566,1.075799919265636
2025-10-03 15:15:00,74.85070740356048,41.73233102716935,75.13465845919387,1.055089720434272
2025-10-03 15:30:00,74.16063407696467,41.43588933045212,74.88892515145533,1.0477754059280753
2025-10-03 15:45:00,73.48816771104526,41.10852692992627,74.63651563984261,1.0427754059280754
2025-10-03 16:00:00,72.79120688663777,40.80344873213938,74.38576350603059,1.0053136953193402
2025-10-03 16:15:00,72.12304182931265,40.50218004807885,74.14911701362178,0.9704811490612985
2025-10-03 16:30:00,71.42965499691536,40.190369551936975,73.92675396695444,0.918823598484923
2025-10-03 16:45:00,70.74681604945937,39.86844078091462,73.69240043662954,0.8738044871539108
2025-10-03 17:00:00,70.27496747876724,39.64067218856343,73.56240043662955,0.86217052901495
2025-10-03 17:15:00,70.27496747876724,39.61785008869048,73.55739328444646,0.86217052901495
2025-10-03 17:30:00,70.25604095925534,39.61785008869048,73.55158145618233,0.86217052901495
2025-10-03 17:45:00,70.24143313296696,39.61785008869048,73.55158145618233,0.86217052901495
2025-10-03 18:00:00,69.98920053981352,39.51456708062579,73.46175985073467,0.8373669897890467
2025-10-03 18:15:00,69.29190756261995,39.178258749034555,73.25420929134144,0.8280539404188343
2025-10-03 18:30:00,68.5916039467952,38.86830613261751,73.03521462588196,0.8176420767160136
2025-10-03 18:45:00,67.919339153416,38.54475729701353,72.79659133184433,0.8126420767160136
2025-10-03 19:00:00,67.24533365894554,38.22902832755572,72.57596658483038,0.7785780606026655
2025-10-03 19:15:00,66.57783365894554,37.93652832755572,72.36476550980103,0.7545970580669628
2025-10-03 19:30:00,65.90748934277269,37.61086589177273,72.12709126922601,0.7349581651938529
2025-10-03 19:45:00,65.22967729878219,37.271056136627685,71.92209126922602,0.7106428825075602
2025-10-03 20:00:00,64.56217729878219,36.93091874707688,71.70638866935536,0.7056428825075602
2025-10-03 20:15:00,63.86087538645301,36.60240866300647,71.50138866935536,0.6554173607149244
2025-10-03 20:30:00,63.17565850053967,36.30879383580842,71.29113998721331,0.6132760536609955
2025-10-03 20:45:00,62.45758215384056,35.98894875045427,71.03132711075973,0.5640879938525348
2025-10-03 21:00:00,61.757576902121315,35.68144240223816,70.82032237845523,0.552397169011165
2025-10-03 21:15:00,61.05976174811961,35.388942402238165,70.61532237845523,0.5331680669396095
2025-10-03 21:30:00,60.59435909570242,35.166149758893184,70.45484375509155,0.5331680669396095
2025-10-03 21:45:00,59.896877204350325,34.858684915166435,70.22505243608094,0.5258559663027702
2025-10-03 22:00:00,59.17348478433039,34.55935747521478,70.00181638159235,0.48570685187238744
2025-10-03 22:15:00,58.462817193308695,34.247880887492926,69.79681638159235,0.48070685187238743
2025-10-03 22:30:00,57.782762482903784,33.92801896654758,69.57103266974785,0.45488121579116725
2025-10-03 22:45:00,57.09870816460208,33.60062704439802,69.35508251418779,0.42450185999908907
2025-10-03 23:00:00,56.64814771711153,33.35588108294102,69.17337576385935,0.39536052663329635
2025-10-03 23:15:00,56.64351955997285,33.350637236479045,69.15758927198596,0.39536052663329635
2025-10-03 23:30:00,56.61275328355744,33.350637236479045,69.1523589784898,0.39536052663329635
2025-10-03 23:45:00,56.61275328355744,33.338018896632526,69.1401351129931,0.39536052663329635
2025-10-04 00:00:00,56.60596061218756,33.32413290649391,69.11928038913253,0.3701054720670656
2025-10-04 00:15:00,56.580466501612015,33.3159777318177,69.08154236106748,0.3701054720670656
2025-10-04 00:30:00,56.55777465264528,33.29814471042445,69.08154236106748,0.34161132359599083
2025-10-04 00:45:00,56.55122319983195,33.29814471042445,69.03990883234273,0.34161132359599083
2025-10-04 01:00:00,56.54643889114201,33.29814471042445,69.03415262333198,0.28363302094884507
2025-10-04 01:15:00,56.53767309823421,33.29814471042445,69.03415262333198,0.28363302094884507
2025-10-04 01:30:00,56.53767309823421,33.29814471042445,69.03415262333198,0.28363302094884507
2025-10-04 01:45:00,56.52200789632888,33.2883892333181,69.03415262333198,0.28363302094884507
2025-10-04 02:00:00,56.52200789632888,33.272275520017004,69.03355224960235,0.28363302094884507
2025-10-04 02:15:00,56.52200789632888,33.266734120774345,69.03355224960235,0.28363302094884507
2025-10-04 02:30:00,56.51586791127313,33.242892494451226,69.03355224960235,0.28363302094884507
2025-10-04 02:45:00,56.51586791127313,33.24271481452826,69.03355224960235,0.28363302094884507
2025-10-04 03:00:00,56.51586791127313,33.24271481452826,69.00271486040745,0.28363302094884507
2025-10-04 03:15:00,56.51586791127313,33.24271481452826,68.97487266815267,0.28363302094884507
2025-10-04 03:30:00,56.51586791127313,33.24271481452826,68.97451767545309,0.28363302094884507
2025-10-04 03:45:00,56.47107290834366,33.24271481452826,68.94514251554824,0.28363302094884507
2025-10-04 04:00:00,56.458717413412856,33.24271481452826,68.94514251554824,0.28363302094884507
2025-10-04 04:15:00,56.458717413412856,33.2008517054834,68.94514251554824,0.28363302094884507
2025-10-04 04:30:00,56.44290819035121,33.2008517054834,68.9248608013688,0.28363302094884507
2025-10-04 04:45:00,56.44290819035121,33.2008517054834,68.9248608013688,0.2512192167314947
2025-10-04 05:00:00,56.41703015139208,33.2008517054834,68.90229449540132,0.2512192167314947
2025-10-04 05:15:00,56.39353205177836,33.194353713863535,68.90229449540132,0.24796634524856567
2025-10-04 05:30:00,56.39353205177836,33.194353713863535,68.90229449540132,0.24796634524856567
2025-10-04 05:45:00,56.36583661738129,33.194353713863535,68.90229449540132,0.2369409509505852
2025-10-04 06:00:00,56.140191622874035,33.0822349482004,68.84729449540131,0.20589038095341128
2025-10-04 06:15:00,55.42447998951194,32.74394919082093,68.60453293595197,0.17787821325887662
2025-10-04 06:30:00,54.71602111363098,32.422588682791634,68.34520691141196,0.15740117155534436
2025-10-04 06:45:00,54.04852111363098,32.13008868279164,68.1218474826235,0.15240117155534436
2025-10-04 07:00:00,53.37386748988712,31.837588682791637,67.87118604290986,0.14740117155534435
2025-10-04 07:15:00,52.656542047485225,31.545088682791636,67.66351099984436,0.14240117155534435
2025-10-04 07:30:00,51.98292441555911,31.216529776733022,67.4303108006948,0.13431815013863221
2025-10-04 07:45:00,51.29104530119119,30.924029776733022,67.21790845260915,0.11761522893358689
2025-10-04 08:00:00,50.62354530119119,30.602215076167553,66.99147498258748,0.06654387102056775
2025-10-04 08:15:00,49.956045301191196,30.286158031363815,66.77424294298368,0.04710998247080528
2025-10-04 08:30:00,49.27957246134614,29.98822788321865,66.56890099532443,0.015304143775831378
2025-10-04 08:45:00,48.598135665022895,29.64226769629962,66.32025703370911,0.0
2025-10-04 09:00:00,47.9306356650229,29.327314392795824,66.07863812268505,0.0
2025-10-04 09:15:00,47.2455844195295,29.00354671491704,65.86505552376364,0.0
2025-10-04 09:30:00,46.56344620864821,28.69012872937191,65.60579622462451,0.0
2025-10-04 09:45:00,45.89594620864821,28.39762872937191,65.40079622462451,0.0
2025-10-04 10:00:00,45.17801043595383,28.10512872937191,65.17205338652053,0.0
2025-10-04 10:15:00,44.7396771026205,27.900635747812473,65.00731571521253,0.0
2025-10-04 10:30:00,44.037697973041915,27.597653924176154,64.76388365895745,0.0
2025-10-04 10:45:00,43.55764294984202,27.39629018775126,64.63388365895746,0.0
2025-10-04 11:00:00,43.07791072288106,27.185325501457424,64.47775995766217,0.0
2025-10-04 11:15:00,43.061648372785825,27.177614025872497,64.45072719772318,0.0
2025-10-04 11:30:00,43.061648372785825,27.135669688565514,64.4346471551328,0.0
2025-10-04 11:45:00,43.0497579229461,27.135669688565514,64.42276299000862,0.0
2025-10-04 12:00:00,42.84059125627943,27.017615855112542,64.36776299000861,0.0
2025-10-04 12:15:00,42.15293217664208,26.68459508413901,64.152022695901,0.0
2025-10-04 12:30:00,41.457418208625064,26.36344455127804,63.89279363227115,0.0
2025-10-04 12:45:00,40.73631723199397,26.07094455127804,63.68254580031685,0.0
2025-10-04 13:00:00,40.068817231993975,25.761069482186382,63.44516345197013,0.0
2025-10-04 13:15:00,39.37578445089467,25.439642386440433,63.23360249444856,0.0
2025-10-04 13:30:00,38.70203203595086,25.147142386440432,63.01690984905448,0.0
2025-10-04 13:45:00,38.007779376600965,24.854642386440432,62.80802351811715,0.0
2025-10-04 14:00:00,37.2945448801152,24.56214238644043,62.56460826335113,0.0
2025-10-04 14:15:00,36.6180887659768,24.24201747795885,62.31679046720679,0.0
2025-10-04 14:30:00,35.9505887659768,23.93679890030174,62.069789490483764,0.0
2025-10-04 14:45:00,35.21099136757214,23.602332523286005,61.83074078158551,0.0
2025-10-04 15:00:00,34.521791404980966,23.298817801358446,61.62574078158551,0.0
2025-10-04 15:15:00,33.82100468166989,22.977600478725382,61.40508453210523,0.0
2025-10-04 15:30:00,33.11954662101698,22.68122594626309,61.20008453210523,0.0
2025-10-04 15:45:00,32.449242835351335,22.373471155485362,60.980104272069255,0.0
2025-10-04 16:00:00,31.77163290122885,22.058565937416184,60.77510427206926,0.0
2025-10-04 16:15:00,31.064364230628968,21.746407214527636,60.57010427206926,0.0
2025-10-04 16:30:00,30.366681947765564,21.426777896745644,60.36510427206926,0.0
2025-10-04 16:45:00,29.685973901105214,21.125196691636752,60.15356207705681,0.0
2025-10-04 17:00:00,29.24764056777188,20.93686335830342,60.00399014617045,0.0
2025-10-04 17:15:00,29.234060814634724,20.93686335830342,59.983471932888136,0.0
2025-10-04 17:30:00,29.21540983805405,20.914403622564635,59.983471932888136,0.0
2025-10-04 17:45:00,29.206555963740996,20.909376911486873,59.94123230289189,0.0
2025-10-04 18:00:00,28.997389297074328,20.808355405800253,59.88623230289189,0.0
2025-10-04 18:15:00,28.329889297074327,20.480284524166343,59.649854591585616,0.0
2025-10-04 18:30:00,27.654426566566976,20.187784524166343,59.42534591836264,0.0
2025-10-04 18:45:00,26.956466802491075,19.88046180417705,59.22034591836264,0.0
2025-10-04 19:00:00,26.2528208637057,19.58796180417705,58.97057446287709,0.0
2025-10-04 19:15:00,25.5853208637057,19.295122161205104,58.73531289459486,0.0
2025-10-04 19:30:00,24.88248314431386,18.99617360124918,58.51727492588974,0.0
2025-10-04 19:45:00,24.421949556461396,18.775388537042375,58.38405989691817,0.0
2025-10-04 20:00:00,23.754449556461395,18.463831710342845,58.17905989691817,0.0
2025-10-04 20:15:00,23.06249899642297,18.171331710342844,57.94108973809834,0.0
2025-10-04 20:30:00,22.361448660629247,17.870472396452932,57.709157210478956,0.0
2025-10-04 20:45:00,21.677855833614345,17.545893503696774,57.459951291738705,0.0
2025-10-04 21:00:00,21.003666323761184,17.232465797852843,57.21452761446482,0.0
2025-10-04 21:15:00,20.3207049486613,16.930622095512206,56.96299086572873,0.0
2025-10-04 21:30:00,19.59936420604617,16.631432287316294,56.72483934939643,0.0
2025-10-04 21:45:00,18.92075919191247,16.273825750763102,56.502049955666436,0.0
2025-10-04 22:00:00,18.23559672670888,15.94302274880075,56.28237460943687,0.0
2025-10-04 22:15:00,17.547810756039574,15.628786294062957,56.061557936112415,0.0
2025-10-04 22:30:00,16.880310756039574,15.321907345409823,55.78785845989817,0.0
2025-10-04 22:45:00,16.162999289788566,15.019475699452068,55.55716855186575,0.0
2025-10-04 23:00:00,15.689649826193305,14.831142366118735,55.40351741931072,0.0
2025-10-04 23:15:00,15.68001561728291,14.831142366118735,55.40351741931072,0.0
2025-10-04 23:30:00,15.662903645248958,14.830744298646247,55.40351741931072,0.0
2025-10-04 23:45:00,15.660741577211855,14.8115988439446,55.38272676955499,0.0
2025-10-05 00:00:00,15.660741577211855,14.8115988439446,55.38272676955499,0.0
2025-10-05 00:15:00,15.660741577211855,14.810994173361781,55.38272676955499,0.0
2025-10-05 00:30:00,15.660741577211855,14.80960111715514,55.38272676955499,0.0
2025-10-05 00:45:00,15.660741577211855,14.79701149459324,55.3750522304663,0.0
2025-10-05 01:00:00,15.660741577211855,14.79701149459324,55.36988337397595,0.0
2025-10-05 01:15:00,15.62446389006821,14.774537298483798,55.36988337397595,0.0
2025-10-05 01:30:00,15.62446389006821,14.774537298483798,55.36988337397595,0.0
2025-10-05 01:45:00,15.595856200283444,14.774537298483798,55.36988337397595,0.0
2025-10-05 02:00:00,15.595856200283444,14.774537298483798,55.36988337397595,0.0
2025-10-05 02:15:00,15.595856200283444,14.774537298483798,55.345230591026855,0.0
2025-10-05 02:30:00,15.595856200283444,14.758503880630627,55.345230591026855,0.0
2025-10-05 02:45:00,15.595856200283444,14.738531922221584,55.345230591026855,0.0
2025-10-05 03:00:00,15.567849619132042,14.738531922221584,55.345230591026855,0.0
2025-10-05 03:15:00,15.567849619132042,14.71506797038759,55.339746038316186,0.0
2025-10-05 03:30:00,15.567849619132042,14.696944865954617,55.339746038316186,0.0
2025-10-05 03:45:00,15.54008973160731,14.69020245317727,55.33358214999503,0.0
2025-10-05 04:00:00,15.532398094297113,14.69020245317727,55.33358214999503,0.0
2025-10-05 04:15:00,15.500100804086658,14.69020245317727,55.314023104189424,0.0
2025-10-05 04:30:00,15.500100804086658,14.69020245317727,55.298691423363415,0.0
2025-10-05 04:45:00,15.483537673206701,14.69020245317727,55.2972594721163,0.0
2025-10-05 05:00:00,15.479185809985237,14.69020245317727,55.296967167366596,0.0
2025-10-05 05:15:00,15.479034212894817,14.69020245317727,55.26650051383647,0.0
2025-10-05 05:30:00,15.479034212894817,14.686735443914344,55.26650051383647,0.0
2025-10-05 05:45:00,15.4617412541298,14.686735443914344,55.247098353148075,0.0
2025-10-05 06:00:00,15.207694253997007,14.578290058582922,55.173403563046485,0.0
2025-10-05 06:15:00,14.523635503417388,14.285790058582922,54.968403563046486,0.0
2025-10-05 06:30:00,13.80924662366587,13.979113336397766,54.75573817335283,0.0
2025-10-05 06:45:00,13.334378601655514,13.748508973088567,54.57666416599712,0.0
2025-10-05 07:00:00,12.633732333746195,13.451164255985354,54.33717135001133,0.0
2025-10-05 07:15:00,11.917210283319271,13.153599417356114,54.10681323304996,0.0
2025-10-05 07:30:00,11.24850057239265,12.844359449949573,53.901813233049964,0.0
2025-10-05 07:45:00,10.536640590319864,12.551859449949573,53.67443043486868,0.0
2025-10-05 08:00:00,9.853421444961073,12.235509590554873,53.456970942695456,0.0
2025-10-05 08:15:00,9.171598714988173,11.943009590554873,53.22326393958268,0.0
2025-10-05 08:30:00,8.473219132564585,11.650509590554872,52.96289028959002,0.0
2025-10-05 08:45:00,7.7885316720638516,11.337748406492395,52.73036284791399,0.0
2025-10-05 09:00:00,7.090406941196604,11.042248644968048,52.499977591545104,0.0
2025-10-05 09:15:00,6.422906941196604,10.745102854992592,52.27996709521047,0.0
2025-10-05 09:30:00,5.7034296759551575,10.441322477168091,52.07108029129484,0.0
2025-10-05 09:45:00,5.018604569735246,10.126813873548986,51.86608029129484,0.0
2025-10-05 10:00:00,4.323790301974315,9.819597572615494,51.63922383238951,0.0
2025-10-05 10:15:00,3.6375265726208807,9.525067536524352,51.383202378684054,0.0
2025-10-05 10:30:00,2.9547322648144982,9.208327629448997,51.160263960995174,0.0
2025-10-05 10:45:00,2.24086659948543,8.884817152011326,50.955263960995175,0.0
2025-10-05 11:00:00,1.766073838440365,8.661422842084187,50.82526396099517,0.0
2025-10-05 11:15:00,1.7563820049979855,8.625147154432153,50.82526396099517,0.0
2025-10-05 11:30:00,1.7450066811203906,8.625147154432153,50.82526396099517,0.0
2025-10-05 11:45:00,1.7267755529970858,8.613000298899909,50.82506324571887,0.0
2025-10-05 12:00:00,1.5176088863304191,8.526024122252581,50.760060583516285,0.0
2025-10-05 12:15:00,0.8158014595777598,8.197545874771334,50.54596307955911,0.0
2025-10-05 12:30:00,0.134816875377179,7.880811427937003,50.31213915042416,0.0
2025-10-05 12:45:00,0.0,7.580554591360674,50.10215297299368,0.0
2025-10-05 13:00:00,0.0,7.247976990166903,49.89715297299368,0.0
2025-10-05 13:15:00,0.0,6.945193107923797,49.65794012961351,0.0
2025-10-05 13:30:00,0.0,6.636439657479051,49.442621471777095,0.0
2025-10-05 13:45:00,0.0,6.315532541380416,49.230707742396596,0.0
2025-10-05 14:00:00,0.0,5.97106970752653,49.01447331959005,0.0
2025-10-05 14:15:00,0.0,5.638901614971606,48.78705991673819,0.0
2025-10-05 14:30:00,0.0,5.450568281638272,48.63654119705108,0.0
2025-10-05 14:45:00,0.0,5.124378178398424,48.38189977325235,0.0
2025-10-05 15:00:00,0.0,4.803653352239834,48.168175260045935,0.0
2025-10-05 15:15:00,0.0,4.453238381467775,47.95289075544585,0.0
2025-10-05 15:30:00,0.0,4.122930252241441,47.74674136107957,0.0
2025-10-05 15:45:00,0.0,3.9277111225905186,47.61674136107957,0.0
2025-10-05 16:00:00,0.0,3.631757698981082,47.40243341206811,0.0
2025-10-05 16:15:00,0.0,3.323380556442734,47.18905267519907,0.0
2025-10-05 16:30:00,0.0,3.01889308532132,46.961389917250415,0.0
2025-10-05 16:45:00,0.0,2.720024237654821,46.74203014974217,0.0
2025-10-05 17:00:00,0.0,2.493542851011975,46.55946189862777,0.0
2025-10-05 17:15:00,0.0,2.493542851011975,46.54474382755685,0.0
2025-10-05 17:30:00,0.0,2.487494180138685,46.51363667966035,0.0
2025-10-05 17:45:00,0.0,2.455903803361851,46.51363667966035,0.0
2025-10-05 18:00:00,0.0,2.3377670240293273,46.43445151948716,0.0
2025-10-05 18:15:00,0.0,2.0110043780791584,46.219245462849635,0.0
2025-10-05 18:30:00,0.0,1.669589686902368,46.010294999018164,0.0
2025-10-05 18:45:00,0.0,1.4587093857459181,45.871759291535625,0.0
2025-10-05 19:00:00,0.0,1.1655819302938242,45.648661575781894,0.0
2025-10-05 19:15:00,0.0,0.859017730670545,45.44015905766712,0.0
2025-10-05 19:30:00,0.0,0.5522926037449923,45.221967979322514,0.0
2025-10-05 19:45:00,0.0,0.21826101481831517,44.98625424655861,0.0
2025-10-05 20:00:00,0.0,0.0,44.75287050005445,0.0
2025-10-05 20:15:00,0.0,0.0,44.512821555363,0.0
2025-10-05 20:30:00,0.0,0.0,44.29771975644048,0.0
2025-10-05 20:45:00,0.0,0.0,44.0665296277024,0.0
2025-10-05 21:00:00,0.0,0.0,43.84509515781022,0.0
2025-10-05 21:15:00,0.0,0.0,43.59042174472757,0.0
2025-10-05 21:30:00,0.0,0.0,43.37105991144733,0.0
2025-10-05 21:45:00,0.0,0.0,43.166059911447334,0.0
2025-10-05 22:00:00,0.0,0.0,42.94777492992149,0.0
2025-10-05 22:15:00,0.0,0.0,42.71976989263149,0.0
2025-10-05 22:30:00,0.0,0.0,42.51476989263149,0.0
2025-10-05 22:45:00,0.0,0.0,42.27983175473252,0.0
2025-10-05 23:00:00,0.0,0.0,42.14983175473252,0.0
2025-10-05 23:15:00,0.0,0.0,42.147070489711034,0.0
2025-10-05 23:30:00,0.0,0.0,42.147070489711034,0.0
2025-10-05 23:45:00,0.0,0.0,42.143681610215324,0.0
2025-10-06 00:00:00,0.0,0.0,42.143681610215324,0.0
2025-10-06 00:15:00,0.0,0.0,42.12734249326865,0.0
2025-10-06 00:30:00,0.0,0.0,42.12734249326865,0.0
2025-10-06 00:45:00,0.0,0.0,42.1035168488185,0.0
2025-10-06 01:00:00,0.0,0.0,42.09291515103086,0.0
2025-10-06 01:15:00,0.0,0.0,42.09291515103086,0.0
2025-10-06 01:30:00,0.0,0.0,42.03064452757771,0.0
2025-10-06 01:45:00,0.0,0.0,42.02938446489692,0.0
2025-10-06 02:00:00,0.0,0.0,42.01661580974079,0.0
2025-10-06 02:15:00,0.0,0.0,42.010155064696015,0.0
2025-10-06 02:30:00,0.0,0.0,42.006886651617066,0.0
2025-10-06 02:45:00,0.0,0.0,42.006886651617066,0.0
2025-10-06 03:00:00,0.0,0.0,42.006886651617066,0.0
2025-10-06 03:15:00,0.0,0.0,42.003030395973866,0.0
2025-10-06 03:30:00,0.0,0.0,42.00004601800739,0.0
2025-10-06 03:45:00,0.0,0.0,42.00004601800739,0.0
2025-10-06 04:00:00,0.0,0.0,42.00004601800739,0.0
2025-10-06 04:15:00,0.0,0.0,42.00004601800739,0.0
2025-10-06 04:30:00,0.0,0.0,42.00004601800739,0.0
2025-10-06 04:45:00,0.0,0.0,42.00004601800739,0.0
2025-10-06 05:00:00,0.0,0.0,42.00004601800739,0.0
2025-10-06 05:15:00,0.0,0.0,41.98784005318157,0.0
2025-10-06 05:30:00,0.0,0.0,41.98784005318157,0.0
2025-10-06 05:45:00,0.0,0.0,41.98784005318157,0.0
2025-10-06 06:00:00,0.0,0.0,41.88044775957709,0.0
2025-10-06 06:15:00,0.0,0.0,41.66093025863276,0.0
2025-10-06 06:30:00,0.0,0.0,41.45593025863276,0.0
2025-10-06 06:45:00,0.0,0.0,41.23706276612871,0.0
2025-10-06 07:00:00,0.0,0.0,40.98456913216145,0.0
2025-10-06 07:15:00,0.0,0.0,40.74365322470906,0.0
2025-10-06 07:30:00,0.0,0.0,40.51886453657022,0.0
2025-10-06 07:45:00,0.0,0.0,40.28383123378297,0.0
2025-10-06 08:00:00,0.0,0.0,40.07313064410833,0.0
2025-10-06 08:15:00,0.0,0.0,39.85647992004589,0.0
2025-10-06 08:30:00,0.0,0.0,39.62661833098404,0.0
2025-10-06 08:45:00,0.0,0.0,39.42161833098404,0.0
2025-10-06 09:00:00,0.0,0.0,39.20468924527675,0.0
2025-10-06 09:15:00,0.0,0.0,38.97494290865627,0.0
2025-10-06 09:30:00,0.0,0.0,38.7444936876338,0.0
2025-10-06 09:45:00,0.0,0.0,38.53010783553683,0.0
2025-10-06 10:00:00,0.0,0.0,38.30184054230582,0.0
2025-10-06 10:15:00,0.0,0.0,38.09684054230582,0.0
2025-10-06 10:30:00,0.0,0.0,37.88459035904431,0.0
2025-10-06 10:45:00,0.0,0.0,37.66069518303581,0.0
2025-10-06 11:00:00,0.0,0.0,37.49853130852026,0.0
2025-10-06 11:15:00,0.0,0.0,37.49252794639638,0.0
2025-10-06 11:30:00,0.0,0.0,37.48579998061154,0.0
2025-10-06 11:45:00,0.0,0.0,37.48579998061154,0.0
2025-10-06 12:00:00,0.0,0.0,37.41176197753031,0.0
2025-10-06 12:15:00,0.0,0.0,37.170877491752336,0.0
2025-10-06 12:30:00,0.0,0.0,36.94971499932923,0.0
2025-10-06 12:45:00,0.0,0.0,36.732711986245846,0.0
2025-10-06 13:00:00,0.0,0.0,36.48207712627012,0.0
2025-10-06 13:15:00,0.0,0.0,36.24749022311835,0.0
2025-10-06 13:30:00,0.0,0.0,36.03653786180583,0.0
2025-10-06 13:45:00,0.0,0.0,35.790868769288984,0.0
2025-10-06 14:00:00,0.0,0.0,35.54300959073023,0.0
2025-10-06 14:15:00,0.0,0.0,35.33554748822158,0.0
2025-10-06 14:30:00,0.0,0.0,35.11424274791033,0.0
2025-10-06 14:45:00,0.0,0.0,34.90924274791033,0.0
2025-10-06 15:00:00,0.0,0.0,34.682606471325535,0.0
2025-10-06 15:15:00,0.0,0.0,34.444893674642486,0.0
2025-10-06 15:30:00,0.0,0.0,34.172645399715876,0.0
2025-10-06 15:45:00,0.0,0.0,33.92856343345617,0.0
2025-10-06 16:00:00,0.0,0.0,33.73897112550909,0.0
2025-10-06 16:15:00,0.0,0.0,33.52692662249009,0.0
2025-10-06 16:30:00,0.0,0.0,33.25586161286145,0.0
2025-10-06 16:45:00,0.0,0.0,33.01271770467364,0.0
2025-10-06 17:00:00,0.0,0.0,32.86852734860792,0.0
2025-10-06 17:15:00,0.0,0.0,32.86852734860792,0.0
2025-10-06 17:30:00,0.0,0.0,32.86721843941638,0.0
2025-10-06 17:45:00,0.0,0.0,32.86721843941638,0.0
2025-10-06 18:00:00,0.0,0.0,32.796304052262336,0.0
2025-10-06 18:15:00,0.0,0.0,32.581857882159824,0.0
2025-10-06 18:30:00,0.0,0.0,32.358701320840616,0.0
2025-10-06 18:45:00,0.0,0.0,32.124710352422106,0.0
2025-10-06 19:00:00,0.0,0.0,31.882021806763372,0.0
2025-10-06 19:15:00,0.0,0.0,31.643487219242047,0.0
2025-10-06 19:30:00,0.0,0.0,31.377641467559375,0.0
2025-10-06 19:45:00,0.0,0.0,31.213564815487768,0.0
2025-10-06 20:00:00,0.0,0.0,31.00856481548777,0.0
2025-10-06 20:15:00,0.0,0.0,30.748856438988916,0.0
2025-10-06 20:30:00,0.0,0.0,30.517082520869693,0.0
2025-10-06 20:45:00,0.0,0.0,30.250480705421783,0.0
2025-10-06 21:00:00,0.0,0.0,30.045480705421785,0.0
2025-10-06 21:15:00,0.0,0.0,29.8961397616853,0.0
2025-10-06 21:30:00,0.0,0.0,29.680445479147643,0.0
2025-10-06 21:45:00,0.0,0.0,29.475445479147645,0.0
2025-10-06 22:00:00,0.0,0.0,29.255568025482802,0.0
2025-10-06 22:15:00,0.0,0.0,29.04075088283478,0.0
2025-10-06 22:30:00,0.0,0.0,28.81285322628128,0.0
2025-10-06 22:45:00,0.0,0.0,28.568937321396106,0.0
2025-10-06 23:00:00,0.0,0.0,28.381573129580733,0.0
2025-10-06 23:15:00,0.0,0.0,28.381573129580733,0.0
2025-10-06 23:30:00,0.0,0.0,28.381573129580733,0.0
2025-10-06 23:45:00,0.0,0.0,28.37585943940345,0.0
2025-10-07 00:00:00,0.0,0.0,28.37585943940345,0.0
2025-10-07 00:15:00,0.0,0.0,28.369835206869663,0.0
2025-10-07 00:30:00,0.0,0.0,28.367115798351794,0.0
2025-10-07 00:45:00,0.0,0.0,28.358847390110043,0.0
2025-10-07 01:00:00,0.0,0.0,28.358847390110043,0.0
2025-10-07 01:15:00,0.0,0.0,28.341276420137785,0.0
2025-10-07 01:30:00,0.0,0.0,28.316315237801575,0.0
2025-10-07 01:45:00,0.0,0.0,28.316315237801575,0.0
2025-10-07 02:00:00,0.0,0.0,28.316315237801575,0.0
2025-10-07 02:15:00,0.0,0.0,28.304999547342998,0.0
2025-10-07 02:30:00,0.0,0.0,28.304999547342998,0.0
2025-10-07 02:45:00,0.0,0.0,28.304999547342998,0.0
2025-10-07 03:00:00,0.0,0.0,28.28755020947895,0.0
2025-10-07 03:15:00,0.0,0.0,28.256308067611894,0.0
2025-10-07 03:30:00,0.0,0.0,28.256308067611894,0.0
2025-10-07 03:45:00,0.0,0.0,28.256308067611894,0.0
2025-10-07 04:00:00,0.0,0.0,28.256308067611894,0.0
2025-10-07 04:15:00,0.0,0.0,28.256308067611894,0.0
2025-10-07 04:30:00,0.0,0.0,28.24559920339122,0.0
2025-10-07 04:45:00,0.0,0.0,28.2085904237374,0.0
2025-10-07 05:00:00,0.0,0.0,28.2085904237374,0.0
2025-10-07 05:15:00,0.0,0.0,28.2085904237374,0.0
2025-10-07 05:30:00,0.0,0.0,28.2085904237374,0.0
2025-10-07 05:45:00,0.0,0.0,28.2085904237374,0.0
2025-10-07 06:00:00,0.0,0.0,28.132984692457754,0.0
2025-10-07 06:15:00,0.0,0.0,27.907709874662604,0.0
2025-10-07 06:30:00,0.0,0.0,27.6856231532028,0.0
2025-10-07 06:45:00,0.0,0.0,27.43998041250342,0.0
2025-10-07 07:00:00,0.0,0.0,27.218687479723982,0.0
2025-10-07 07:15:00,0.0,0.0,26.999667837581644,0.0
2025-10-07 07:30:00,0.0,0.0,26.751651753872395,0.0
2025-10-07 07:45:00,0.0,0.0,26.545142529907903,0.0
2025-10-07 08:00:00,0.0,0.0,26.30389261880979,0.0
2025-10-07 08:15:00,0.0,0.0,26.098892618809792,0.0
2025-10-07 08:30:00,0.0,0.0,25.849821665240317,0.0
2025-10-07 08:45:00,0.0,0.0,25.62448036665336,0.0
2025-10-07 09:00:00,0.0,0.0,25.41289802172899,0.0
2025-10-07 09:15:00,0.0,0.0,25.28289802172899,0.0
2025-10-07 09:30:00,0.0,0.0,25.05192676819218,0.0
2025-10-07 09:45:00,0.0,0.0,24.826637078277052,0.0
2025-10-07 10:00:00,0.0,0.0,24.620952083861017,0.0
2025-10-07 10:15:00,0.0,0.0,24.385195729748997,0.0
2025-10-07 10:30:00,0.0,0.0,24.148558202603727,0.0
2025-10-07 10:45:00,0.0,0.0,23.920185935439317,0.0
2025-10-07 11:00:00,0.0,0.0,23.745501581344772,0.0
2025-10-07 11:15:00,0.0,0.0,23.725504744895467,0.0
2025-10-07 11:30:00,0.0,0.0,23.70872285651329,0.0
2025-10-07 11:45:00,0.0,0.0,23.697386581076646,0.0
2025-10-07 12:00:00,0.0,0.0,23.57827630723652,0.0
2025-10-07 12:15:00,0.0,0.0,23.329856369886066,0.0
2025-10-07 12:30:00,0.0,0.0,23.117292826323077,0.0
2025-10-07 12:45:00,0.0,0.0,22.887897022037624,0.0
2025-10-07 13:00:00,0.0,0.0,22.647088127517534,0.0
2025-10-07 13:15:00,0.0,0.0,22.42274953643261,0.0
2025-10-07 13:30:00,0.0,0.0,22.20664274551681,0.0
2025-10-07 13:45:00,0.0,0.0,22.00164274551681,0.0
2025-10-07 14:00:00,0.0,0.0,21.784500239873147,0.0
2025-10-07 14:15:00,0.0,0.0,21.57950023987315,0.0
2025-10-07 14:30:00,0.0,0.0,21.373293906758196,0.0
2025-10-07 14:45:00,0.0,0.0,21.218312540665547,0.0
2025-10-07 15:00:00,0.0,0.0,20.985100647059124,0.0
2025-10-07 15:15:00,0.0,0.0,20.73881450222194,0.0
2025-10-07 15:30:00,0.0,0.0,20.524011496654538,0.0
2025-10-07 15:45:00,0.0,0.0,20.31901149665454,0.0
2025-10-07 16:00:00,0.0,0.0,20.089752848606413,0.0
2025-10-07 16:15:00,0.0,0.0,19.8711027128038,0.0
2025-10-07 16:30:00,0.0,0.0,19.666102712803802,0.0
2025-10-07 16:45:00,0.0,0.0,19.43353380537224,0.0
2025-10-07 17:00:00,0.0,0.0,19.272669099065084,0.0
2025-10-07 17:15:00,0.0,0.0,19.272669099065084,0.0
2025-10-07 17:30:00,0.0,0.0,19.272669099065084,0.0
2025-10-07 17:45:00,0.0,0.0,19.242611293869544,0.0
2025-10-07 18:00:00,0.0,0.0,19.187611293869544,0.0
2025-10-07 18:15:00,0.0,0.0,18.954479775275576,0.0
2025-10-07 18:30:00,0.0,0.0,18.71121076384127,0.0
2025-10-07 18:45:00,0.0,0.0,18.469241461603005,0.0
2025-10-07 19:00:00,0.0,0.0,18.23573015738197,0.0
2025-10-07 19:15:00,0.0,0.0,18.008345174053126,0.0
2025-10-07 19:30:00,0.0,0.0,17.77452196440292,0.0
2025-10-07 19:45:00,0.0,0.0,17.514438147764047,0.0
2025-10-07 20:00:00,0.0,0.0,17.293941438667133,0.0
2025-10-07 20:15:00,0.0,0.0,17.066576042947798,0.0
2025-10-07 20:30:00,0.0,0.0,16.830425857438385,0.0
2025-10-07 20:45:00,0.0,0.0,16.614786427996858,0.0
2025-10-07 21:00:00,0.0,0.0,16.396721501680524,0.0
2025-10-07 21:15:00,0.0,0.0,16.181168609672678,0.0
2025-10-07 21:30:00,0.0,0.0,15.934230275155695,0.0
2025-10-07 21:45:00,0.0,0.0,15.721084784851504,0.0
2025-10-07 22:00:00,0.0,0.0,15.509646134949913,0.0
2025-10-07 22:15:00,0.0,0.0,15.284899742493044,0.0
2025-10-07 22:30:00,0.0,0.0,15.079513902864024,0.0
2025-10-07 22:45:00,0.0,0.0,14.866467379350903,0.0
2025-10-07 23:00:00,0.0,0.0,14.725009190622426,0.0
2025-10-07 23:15:00,0.0,0.0,14.725009190622426,0.0
2025-10-07 23:30:00,0.0,0.0,14.725009190622426,0.0
2025-10-07 23:45:00,0.0,0.0,14.725009190622426,0.0
